Genre,URL,Titre,Wikipedia_URL
Fiction,https://www.gutenberg.org/ebooks/84,"Frankenstein; Or, The Modern Prometheus",https://en.wikipedia.org/wiki/Frankenstein
Fiction,https://www.gutenberg.org/ebooks/2701,"Moby Dick; Or, The Whale",https://en.wikipedia.org/wiki/Moby-Dick
Fiction,https://www.gutenberg.org/ebooks/1342,Pride and Prejudice,https://en.wikipedia.org/wiki/Pride_and_Prejudice
Fiction,https://www.gutenberg.org/ebooks/1513,Romeo and Juliet,https://en.wikipedia.org/wiki/Romeo_and_Juliet
Fiction,https://www.gutenberg.org/ebooks/11,Alice's Adventures in Wonderland,https://en.wikipedia.org/wiki/Alice%27s_Adventures_in_Wonderland
Fiction,https://www.gutenberg.org/ebooks/2542,A Doll's House : a play,https://en.wikipedia.org/wiki/A_Doll%27s_House
Fiction,https://www.gutenberg.org/ebooks/64317,The Great Gatsby,https://en.wikipedia.org/wiki/The_Great_Gatsby
Fiction,https://www.gutenberg.org/ebooks/844,The Importance of Being Earnest: A Trivial Comedy for Serious People,https://en.wikipedia.org/wiki/The_Importance_of_Being_Earnest
Fiction,https://www.gutenberg.org/ebooks/100,The Complete Works of William Shakespeare,https://en.wikipedia.org/wiki/Complete_Works_of_Shakespeare
Fiction,https://www.gutenberg.org/ebooks/145,Middlemarch,https://en.wikipedia.org/wiki/Middlemarch
Fiction,https://www.gutenberg.org/ebooks/43,The Strange Case of Dr. Jekyll and Mr. Hyde,https://en.wikipedia.org/wiki/Strange_Case_of_Dr_Jekyll_and_Mr_Hyde
Fiction,https://www.gutenberg.org/ebooks/2641,A Room with a View,https://en.wikipedia.org/wiki/A_Room_with_a_View
Fiction,https://www.gutenberg.org/ebooks/37106,"Little Women; Or, Meg, Jo, Beth, and Amy",https://en.wikipedia.org/wiki/Little_Women
Fiction,https://www.gutenberg.org/ebooks/174,The Picture of Dorian Gray,https://en.wikipedia.org/wiki/The_Picture_of_Dorian_Gray
Fiction,https://www.gutenberg.org/ebooks/67979,The Blue Castle: a novel,https://en.wikipedia.org/wiki/The_Blue_Castle
Fiction,https://www.gutenberg.org/ebooks/16389,The Enchanted April,https://en.wikipedia.org/wiki/The_Enchanted_April
Fiction,https://www.gutenberg.org/ebooks/2554,Crime and Punishment,https://en.wikipedia.org/wiki/Crime_and_Punishment
Fiction,https://www.gutenberg.org/ebooks/345,Dracula,https://en.wikipedia.org/wiki/Dracula
Fiction,https://www.gutenberg.org/ebooks/394,Cranford,https://en.wikipedia.org/wiki/Cranford_(novel)
Fiction,https://www.gutenberg.org/ebooks/2160,The Expedition of Humphry Clinker,https://en.wikipedia.org/wiki/The_Expedition_of_Humphry_Clinker
Fiction,https://www.gutenberg.org/ebooks/6761,The Adventures of Ferdinand Count Fathom — Complete,"https://en.wikipedia.org/wiki/The_Adventures_of_Ferdinand,_Count_Fathom"
Fiction,https://www.gutenberg.org/ebooks/1259,Twenty years after,https://en.wikipedia.org/wiki/Twenty_Years_After
Fiction,https://www.gutenberg.org/ebooks/6593,"History of Tom Jones, a Foundling","https://en.wikipedia.org/wiki/The_History_of_Tom_Jones,_a_Foundling"
Fiction,https://www.gutenberg.org/ebooks/4085,The Adventures of Roderick Random,https://en.wikipedia.org/wiki/The_Adventures_of_Roderick_Random
Fiction,https://www.gutenberg.org/ebooks/98,A Tale of Two Cities,https://en.wikipedia.org/wiki/A_Tale_of_Two_Cities
Fiction,https://www.gutenberg.org/ebooks/1023,Bleak House,https://en.wikipedia.org/wiki/Bleak_House
Fiction,https://www.gutenberg.org/ebooks/5200,Metamorphosis,https://en.wikipedia.org/wiki/The_Metamorphosis
Fiction,https://www.gutenberg.org/ebooks/1260,Jane Eyre: An Autobiography,https://en.wikipedia.org/wiki/Jane_Eyre
Fiction,https://www.gutenberg.org/ebooks/1400,Great Expectations,https://en.wikipedia.org/wiki/Great_Expectations
Fiction,https://www.gutenberg.org/ebooks/76,Adventures of Huckleberry Finn,https://en.wikipedia.org/wiki/Adventures_of_Huckleberry_Finn
Fiction,https://www.gutenberg.org/ebooks/1952,The Yellow Wallpaper,https://en.wikipedia.org/wiki/The_Yellow_Wallpaper
Fiction,https://www.gutenberg.org/ebooks/25344,The Scarlet Letter,https://en.wikipedia.org/wiki/The_Scarlet_Letter
Fiction,https://www.gutenberg.org/ebooks/1661,The Adventures of Sherlock Holmes,https://en.wikipedia.org/wiki/The_Adventures_of_Sherlock_Holmes
Fiction,https://www.gutenberg.org/ebooks/28054,The Brothers Karamazov,https://en.wikipedia.org/wiki/The_Brothers_Karamazov
Fiction,https://www.gutenberg.org/ebooks/41445,"Frankenstein; Or, The Modern Prometheus",https://en.wikipedia.org/wiki/Frankenstein
Fiction,https://www.gutenberg.org/ebooks/4300,Ulysses,https://en.wikipedia.org/wiki/Ulysses_(novel)
Fiction,https://www.gutenberg.org/ebooks/45,Anne of Green Gables,https://en.wikipedia.org/wiki/Anne_of_Green_Gables
Fiction,https://www.gutenberg.org/ebooks/2000,Don Quijote (Spanish),https://en.wikipedia.org/wiki/Don_Quixote
Fiction,https://www.gutenberg.org/ebooks/1184,The Count of Monte Cristo,https://en.wikipedia.org/wiki/The_Count_of_Monte_Cristo
Fiction,https://www.gutenberg.org/ebooks/219,Heart of Darkness,https://en.wikipedia.org/wiki/Heart_of_Darkness
Fiction,https://www.gutenberg.org/ebooks/2600,War and Peace,https://en.wikipedia.org/wiki/War_and_Peace
Fiction,https://www.gutenberg.org/ebooks/768,Wuthering Heights,https://en.wikipedia.org/wiki/Wuthering_Heights
Fiction,https://www.gutenberg.org/ebooks/46,A Christmas Carol in Prose; Being a Ghost Story of Christmas,https://en.wikipedia.org/wiki/Adaptations_of_A_Christmas_Carol
Fiction,https://www.gutenberg.org/ebooks/74,"The Adventures of Tom Sawyer, Complete",https://en.wikipedia.org/wiki/The_Adventures_of_Tom_Sawyer
Fiction,https://www.gutenberg.org/ebooks/36034,White Nights and Other Stories,
Fiction,https://www.gutenberg.org/ebooks/8492,The King in Yellow,https://en.wikipedia.org/wiki/The_King_in_Yellow
Fiction,https://www.gutenberg.org/ebooks/2650,Du côté de chez Swann (French),https://fr.wikipedia.org/wiki/Du_c%C3%B4t%C3%A9_de_chez_Swann
Fiction,https://www.gutenberg.org/ebooks/135,Les Misérables,https://en.wikipedia.org/wiki/Les_Mis%C3%A9rables
Fiction,https://www.gutenberg.org/ebooks/2814,Dubliners,https://en.wikipedia.org/wiki/Dubliners
Fiction,https://www.gutenberg.org/ebooks/30254,The Romance of Lust: A classic Victorian erotic novel,https://en.wikipedia.org/wiki/The_Romance_of_Lust
Fiction,https://www.gutenberg.org/ebooks/730,Oliver Twist,https://en.wikipedia.org/wiki/Oliver_Twist
Fiction,https://www.gutenberg.org/ebooks/514,Little Women,https://en.wikipedia.org/wiki/Little_Women
Fiction,https://www.gutenberg.org/ebooks/244,A Study in Scarlet,https://en.wikipedia.org/wiki/A_Study_in_Scarlet
Fiction,https://www.gutenberg.org/ebooks/120,Treasure Island,https://en.wikipedia.org/wiki/Treasure_Island
Fiction,https://www.gutenberg.org/ebooks/55,The Wonderful Wizard of Oz,https://en.wikipedia.org/wiki/The_Wonderful_Wizard_of_Oz
Fiction,https://www.gutenberg.org/ebooks/2852,The Hound of the Baskervilles,https://en.wikipedia.org/wiki/The_Hound_of_the_Baskervilles
Fiction,https://www.gutenberg.org/ebooks/10623,Plays,
Fiction,https://www.gutenberg.org/ebooks/2148,The Works of Edgar Allan Poe — Volume 2,
Fiction,https://www.gutenberg.org/ebooks/1399,Anna Karenina,https://en.wikipedia.org/wiki/Anna_Karenina
Fiction,https://www.gutenberg.org/ebooks/829,Gulliver's Travels into Several Remote Nations of the World,https://en.wikipedia.org/wiki/Gulliver%27s_Travels
Fiction,https://www.gutenberg.org/ebooks/10676,The Reign of Greed,https://en.wikipedia.org/wiki/El_filibusterismo
Fiction,https://www.gutenberg.org/ebooks/158,Emma,https://en.wikipedia.org/wiki/Emma_(novel)
Fiction,https://www.gutenberg.org/ebooks/31284,Josefine Mutzenbacher (German),https://en.wikipedia.org/wiki/Josephine_Mutzenbacher
Fiction,https://www.gutenberg.org/ebooks/779,The Tragical History of Doctor Faustus,https://en.wikipedia.org/wiki/Doctor_Faustus_(play)
Fiction,https://www.gutenberg.org/ebooks/996,Don Quixote,https://en.wikipedia.org/wiki/Don_Quixote
Fiction,https://www.gutenberg.org/ebooks/786,Hard Times,https://en.wikipedia.org/wiki/Hard_Times_(novel)
Fiction,https://www.gutenberg.org/ebooks/1251,Le Morte d'Arthur: Volume 1,https://en.wikipedia.org/wiki/Le_Morte_d%27Arthur
Fiction,https://www.gutenberg.org/ebooks/10007,Carmilla,https://en.wikipedia.org/wiki/Carmilla
Fiction,https://www.gutenberg.org/ebooks/41,The Legend of Sleepy Hollow,https://en.wikipedia.org/wiki/The_Legend_of_Sleepy_Hollow
Fiction,https://www.gutenberg.org/ebooks/110,Tess of the d'Urbervilles: A Pure Woman,https://en.wikipedia.org/wiki/Tess_of_the_d%27Urbervilles
Fiction,https://www.gutenberg.org/ebooks/16,Peter Pan,https://en.wikipedia.org/wiki/Peter_and_Wendy
Fiction,https://www.gutenberg.org/ebooks/27673,Oedipus King of Thebes,https://en.wikipedia.org/wiki/Oedipus_Rex
Fiction,https://www.gutenberg.org/ebooks/161,Sense and Sensibility,https://en.wikipedia.org/wiki/Sense_and_Sensibility
Fiction,https://www.gutenberg.org/ebooks/36,The War of the Worlds,https://en.wikipedia.org/wiki/The_War_of_the_Worlds
Fiction,https://www.gutenberg.org/ebooks/19942,Candide,https://en.wikipedia.org/wiki/Candide
Fiction,https://www.gutenberg.org/ebooks/4217,A Portrait of the Artist as a Young Man,https://en.wikipedia.org/wiki/A_Portrait_of_the_Artist_as_a_Young_Man
Fiction,https://www.gutenberg.org/ebooks/67098,Winnie-the-Pooh,https://en.wikipedia.org/wiki/Winnie-the-Pooh_(book)
Fiction,https://www.gutenberg.org/ebooks/600,Notes from the Underground,https://en.wikipedia.org/wiki/Notes_from_Underground
Fiction,https://www.gutenberg.org/ebooks/105,Persuasion,https://en.wikipedia.org/wiki/Persuasion_(novel)
Fiction,https://www.gutenberg.org/ebooks/27761,"Hamlet, Prince of Denmark",https://en.wikipedia.org/wiki/Hamlet
Fiction,https://www.gutenberg.org/ebooks/20228,Noli Me Tangere (Tagalog),https://en.wikipedia.org/wiki/Noli_Me_T%C3%A1ngere_(novel)
Fiction,https://www.gutenberg.org/ebooks/3825,Pygmalion,https://en.wikipedia.org/wiki/Pygmalion_(play)
Fiction,https://www.gutenberg.org/ebooks/12,Through the Looking-Glass,https://en.wikipedia.org/wiki/Through_the_Looking-Glass
Fiction,https://www.gutenberg.org/ebooks/521,The Life and Adventures of Robinson Crusoe,https://en.wikipedia.org/wiki/Robinson_Crusoe
Fiction,https://www.gutenberg.org/ebooks/23700,The Decameron of Giovanni Boccaccio,https://en.wikipedia.org/wiki/The_Decameron
Fiction,https://www.gutenberg.org/ebooks/14591,Faust [part 1]. Translated Into English in the Original Metres,https://en.wikipedia.org/wiki/Goethe%27s_Faust
Fiction,https://www.gutenberg.org/ebooks/35,The Time Machine,https://en.wikipedia.org/wiki/The_Time_Machine
Fiction,https://www.gutenberg.org/ebooks/3090,Complete Original Short Stories of Guy De Maupassant,
Fiction,https://www.gutenberg.org/ebooks/2413,Madame Bovary,https://en.wikipedia.org/wiki/Madame_Bovary
Fiction,https://www.gutenberg.org/ebooks/60976,Rip Van Winkle,https://en.wikipedia.org/wiki/Rip_Van_Winkle
Fiction,https://www.gutenberg.org/ebooks/203,Uncle Tom's Cabin,
Fiction,https://www.gutenberg.org/ebooks/17489,Les misérables Tome I: Fantine (French),https://en.wikipedia.org/wiki/Les_Mis%C3%A9rables
Fiction,https://www.gutenberg.org/ebooks/2097,The Sign of the Four,https://en.wikipedia.org/wiki/The_Sign_of_the_Four
Fiction,https://www.gutenberg.org/ebooks/766,David Copperfield,https://en.wikipedia.org/wiki/David_Copperfield
Fiction,https://www.gutenberg.org/ebooks/164,Twenty Thousand Leagues under the Sea,https://en.wikipedia.org/wiki/Twenty_Thousand_Leagues_Under_the_Seas
Fiction,https://www.gutenberg.org/ebooks/215,The call of the wild,https://en.wikipedia.org/wiki/The_Call_of_the_Wild
Fiction,https://www.gutenberg.org/ebooks/1514,A Midsummer Night's Dream,https://en.wikipedia.org/wiki/A_Midsummer_Night%27s_Dream
Fiction,https://www.gutenberg.org/ebooks/69087,The murder of Roger Ackroyd,https://en.wikipedia.org/wiki/The_Murder_of_Roger_Ackroyd
Fiction,https://www.gutenberg.org/ebooks/23042,The Tempest,https://en.wikipedia.org/wiki/The_Tempest
Fiction,https://www.gutenberg.org/ebooks/42324,"Frankenstein; Or, The Modern Prometheus",https://en.wikipedia.org/wiki/Frankenstein
Fiction,https://www.gutenberg.org/ebooks/236,The Jungle Book,https://en.wikipedia.org/wiki/The_Jungle_Book
Fiction,https://www.gutenberg.org/ebooks/160,"The Awakening, and Selected Short Stories",
Fiction,https://www.gutenberg.org/ebooks/121,Northanger Abbey,https://en.wikipedia.org/wiki/Northanger_Abbey
Fiction,https://www.gutenberg.org/ebooks/308,Three Men in a Boat (To Say Nothing of the Dog),https://en.wikipedia.org/wiki/Three_Men_in_a_Boat
Fiction,https://www.gutenberg.org/ebooks/7700,Lysistrata,https://en.wikipedia.org/wiki/Lysistrata
Fiction,https://www.gutenberg.org/ebooks/113,The Secret Garden,https://en.wikipedia.org/wiki/The_Secret_Garden
Fiction,https://www.gutenberg.org/ebooks/25305,Memoirs of Fanny Hill,https://en.wikipedia.org/wiki/Fanny_Hill
Fiction,https://www.gutenberg.org/ebooks/209,The Turn of the Screw,https://en.wikipedia.org/wiki/The_Turn_of_the_Screw
Fiction,https://www.gutenberg.org/ebooks/103,Around the World in Eighty Days,https://en.wikipedia.org/wiki/Around_the_World_in_Eighty_Days
Fiction,https://www.gutenberg.org/ebooks/1531,"Othello, the Moor of Venice",https://en.wikipedia.org/wiki/Othello
Fiction,https://www.gutenberg.org/ebooks/2500,Siddhartha,https://en.wikipedia.org/wiki/Siddhartha_(novel)
Fiction,https://www.gutenberg.org/ebooks/1254,Cyrano de Bergerac,https://en.wikipedia.org/wiki/Cyrano_de_Bergerac_(play)
Fiction,https://www.gutenberg.org/ebooks/1524,"Hamlet, Prince of Denmark",https://en.wikipedia.org/wiki/Hamlet
Fiction,https://www.gutenberg.org/ebooks/805,This Side of Paradise,https://en.wikipedia.org/wiki/This_Side_of_Paradise
Fiction,https://www.gutenberg.org/ebooks/2527,The Sorrows of Young Werther,https://en.wikipedia.org/wiki/The_Sorrows_of_Young_Werther
Fiction,https://www.gutenberg.org/ebooks/1837,The Prince and the Pauper,https://en.wikipedia.org/wiki/The_Prince_and_the_Pauper
Fiction,https://www.gutenberg.org/ebooks/35018,雲形紋章 (Japanese),https://en.wikipedia.org/wiki/Moonfleet_(novel)
Fiction,https://www.gutenberg.org/ebooks/4517,Ethan Frome,https://en.wikipedia.org/wiki/Ethan_Frome
Fiction,https://www.gutenberg.org/ebooks/57333,Project Gutenberg Compilation of Short Stories by Chekhov,
Fiction,https://www.gutenberg.org/ebooks/14838,The Tale of Peter Rabbit,https://en.wikipedia.org/wiki/The_Tale_of_Peter_Rabbit
Fiction,https://www.gutenberg.org/ebooks/8525,"Eve's Diary, Complete",https://en.wikipedia.org/wiki/Eve%27s_Diary
Fiction,https://www.gutenberg.org/ebooks/71865,Mrs. Dalloway,https://en.wikipedia.org/wiki/Mrs_Dalloway
Fiction,https://www.gutenberg.org/ebooks/73,The Red Badge of Courage: An Episode of the American Civil War,https://en.wikipedia.org/wiki/The_Red_Badge_of_Courage
Fiction,https://www.gutenberg.org/ebooks/13415,The Lady with the Dog and Other Stories,
Fiction,https://www.gutenberg.org/ebooks/59112,R.U.R. (Rossum's Universal Robots),https://en.wikipedia.org/wiki/R.U.R.
Fiction,https://www.gutenberg.org/ebooks/902,"The Happy Prince, and Other Tales",https://en.wikipedia.org/wiki/The_Happy_Prince_and_Other_Tales
Fiction,https://www.gutenberg.org/ebooks/2638,The Idiot,https://en.wikipedia.org/wiki/The_Idiot
Fiction,https://www.gutenberg.org/ebooks/2232,The Duchess of Malfi,https://en.wikipedia.org/wiki/The_Duchess_of_Malfi
Fiction,https://www.gutenberg.org/ebooks/140,The Jungle,https://en.wikipedia.org/wiki/The_Jungle
Fiction,https://www.gutenberg.org/ebooks/5230,The Invisible Man: A Grotesque Romance,https://en.wikipedia.org/wiki/The_Invisible_Man
Fiction,https://www.gutenberg.org/ebooks/21279,2 B R 0 2 B,https://en.wikipedia.org/wiki/2_B_R_0_2_B
Fiction,https://www.gutenberg.org/ebooks/141,Mansfield Park,https://en.wikipedia.org/wiki/Mansfield_Park
Fiction,https://www.gutenberg.org/ebooks/114,The Tenniel Illustrations for Carroll's Alice in Wonderland,
Fiction,https://www.gutenberg.org/ebooks/910,White Fang,https://en.wikipedia.org/wiki/White_Fang
Fiction,https://www.gutenberg.org/ebooks/2610,Notre-Dame de Paris,https://en.wikipedia.org/wiki/The_Hunchback_of_Notre-Dame
Fiction,https://www.gutenberg.org/ebooks/1754,The Sea-Gull,https://en.wikipedia.org/wiki/The_Seagull
Fiction,https://www.gutenberg.org/ebooks/47629,"Ang ""Filibusterismo"" (Karugtóng ng Noli Me Tangere) (Tagalog)",
Fiction,https://www.gutenberg.org/ebooks/1250,Anthem,https://en.wikipedia.org/wiki/Anthem_(novella)
Fiction,https://www.gutenberg.org/ebooks/70891,Notre-Dame de Paris - Tome 1 (French),https://en.wikipedia.org/wiki/The_Hunchback_of_Notre-Dame
Fiction,https://www.gutenberg.org/ebooks/5921,"The History of Don Quixote, Volume 1, Complete",https://en.wikipedia.org/wiki/Don_Quixote
Fiction,https://www.gutenberg.org/ebooks/6087,The Vampyre; a Tale,https://en.wikipedia.org/wiki/The_Vampyre
Fiction,https://www.gutenberg.org/ebooks/6737,The Social Cancer: A Complete English Version of Noli Me Tangere,https://en.wikipedia.org/wiki/Noli_Me_T%C3%A1ngere_(novel)
Fiction,https://www.gutenberg.org/ebooks/61963,We,https://en.wikipedia.org/wiki/We_(novel)
Fiction,https://www.gutenberg.org/ebooks/2781,Just so stories,https://en.wikipedia.org/wiki/Just_So_Stories
Fiction,https://www.gutenberg.org/ebooks/2147,The Works of Edgar Allan Poe — Volume 1,
Fiction,https://www.gutenberg.org/ebooks/86,A Connecticut Yankee in King Arthur's Court,https://en.wikipedia.org/wiki/A_Connecticut_Yankee_in_King_Arthur%27s_Court
Fiction,https://www.gutenberg.org/ebooks/375,An Occurrence at Owl Creek Bridge,https://en.wikipedia.org/wiki/An_Occurrence_at_Owl_Creek_Bridge
Fiction,https://www.gutenberg.org/ebooks/2199,The Iliad,https://en.wikipedia.org/wiki/Iliad
Fiction,https://www.gutenberg.org/ebooks/3011,The Lady of the Lake,https://en.wikipedia.org/wiki/The_Lady_of_the_Lake_(poem)
Fiction,https://www.gutenberg.org/ebooks/16433,The Gay Cockade,
Fiction,https://www.gutenberg.org/ebooks/11231,"Bartleby, the Scrivener: A Story of Wall-Street","https://en.wikipedia.org/wiki/Bartleby,_the_Scrivener"
Fiction,https://www.gutenberg.org/ebooks/24022,A Christmas Carol,https://en.wikipedia.org/wiki/A_Christmas_Carol
Fiction,https://www.gutenberg.org/ebooks/541,The Age of Innocence,https://en.wikipedia.org/wiki/The_Age_of_Innocence
Fiction,https://www.gutenberg.org/ebooks/271,Black Beauty,https://en.wikipedia.org/wiki/Black_Beauty
Fiction,https://www.gutenberg.org/ebooks/1522,Julius Caesar,https://en.wikipedia.org/wiki/Julius_Caesar_(play)
Fiction,https://www.gutenberg.org/ebooks/18857,A Journey to the Centre of the Earth,https://en.wikipedia.org/wiki/Journey_to_the_Center_of_the_Earth
Fiction,https://www.gutenberg.org/ebooks/863,The Mysterious Affair at Styles,
Fiction,https://www.gutenberg.org/ebooks/1257,The three musketeers,https://en.wikipedia.org/wiki/The_Three_Musketeers
Fiction,https://www.gutenberg.org/ebooks/599,Vanity Fair,https://en.wikipedia.org/wiki/Vanity_Fair_(novel)
Fiction,https://www.gutenberg.org/ebooks/61221,A passage to India,https://en.wikipedia.org/wiki/A_Passage_to_India
Fiction,https://www.gutenberg.org/ebooks/22367,Die Verwandlung (German),https://en.wikipedia.org/wiki/The_Metamorphosis
Fiction,https://www.gutenberg.org/ebooks/159,The island of Doctor Moreau,https://en.wikipedia.org/wiki/The_Island_of_Doctor_Moreau
Fiction,https://www.gutenberg.org/ebooks/175,The Phantom of the Opera,https://en.wikipedia.org/wiki/The_Phantom_of_the_Opera_(novel)
Fiction,https://www.gutenberg.org/ebooks/4078,The Picture of Dorian Gray,https://en.wikipedia.org/wiki/The_Picture_of_Dorian_Gray
Fiction,https://www.gutenberg.org/ebooks/834,The Memoirs of Sherlock Holmes,https://en.wikipedia.org/wiki/The_Memoirs_of_Sherlock_Holmes
Fiction,https://www.gutenberg.org/ebooks/9366,Mary Olivier: a Life,
Fiction,https://www.gutenberg.org/ebooks/51,Anne of the Island,https://en.wikipedia.org/wiki/Anne_of_the_Island
Fiction,https://www.gutenberg.org/ebooks/7849,The Trial,https://en.wikipedia.org/wiki/The_Trial
Fiction,https://www.gutenberg.org/ebooks/30142,Little Brother,https://en.wikipedia.org/wiki/Little_Brother_(Doctorow_novel)
Fiction,https://www.gutenberg.org/ebooks/146,A Little Princess,https://en.wikipedia.org/wiki/A_Little_Princess
Fiction,https://www.gutenberg.org/ebooks/383,"She Stoops to Conquer; Or, The Mistakes of a Night: A Comedy",
Fiction,https://www.gutenberg.org/ebooks/8117,"The possessed :  or, The devils",https://en.wikipedia.org/wiki/Demons_(Dostoevsky_novel)
Fiction,https://www.gutenberg.org/ebooks/4276,North and South,https://en.wikipedia.org/wiki/North_and_South_(Gaskell_novel)
Fiction,https://www.gutenberg.org/ebooks/1200,Gargantua and Pantagruel,https://en.wikipedia.org/wiki/Gargantua_and_Pantagruel
Fiction,https://www.gutenberg.org/ebooks/1429,"The Garden Party, and Other Stories",https://en.wikipedia.org/wiki/The_Garden_Party_(short_story_collection)
Fiction,https://www.gutenberg.org/ebooks/19839,Emma,https://en.wikipedia.org/wiki/Emma_(novel)
Fiction,https://www.gutenberg.org/ebooks/26272,The Spy,https://en.wikipedia.org/wiki/The_Spy_(Cooper_novel)
Fiction,https://www.gutenberg.org/ebooks/5225,The Satyricon — Complete,https://en.wikipedia.org/wiki/Satyricon
Fiction,https://www.gutenberg.org/ebooks/75998,Daredevil,https://en.wikipedia.org/wiki/Daredevil_(novel)
Fiction,https://www.gutenberg.org/ebooks/54494,海公案 (Chinese),
Fiction,https://www.gutenberg.org/ebooks/42704,Salomé: A Tragedy in One Act,https://en.wikipedia.org/wiki/Salome_(play)
Fiction,https://www.gutenberg.org/ebooks/28794,"Moby Dick; Or, The Whale",https://en.wikipedia.org/wiki/Moby-Dick
Fiction,https://www.gutenberg.org/ebooks/580,The Pickwick Papers,https://en.wikipedia.org/wiki/The_Pickwick_Papers
Fiction,https://www.gutenberg.org/ebooks/47,Anne of Avonlea,https://en.wikipedia.org/wiki/Anne_of_Avonlea
Fiction,https://www.gutenberg.org/ebooks/289,The Wind in the Willows,https://en.wikipedia.org/wiki/The_Wind_in_the_Willows
Fiction,https://www.gutenberg.org/ebooks/500,The Adventures of Pinocchio,https://en.wikipedia.org/wiki/The_Adventures_of_Pinocchio
Fiction,https://www.gutenberg.org/ebooks/7256,The Gift of the Magi,https://en.wikipedia.org/wiki/The_Gift_of_the_Magi
Fiction,https://www.gutenberg.org/ebooks/1515,The Merchant of Venice,https://en.wikipedia.org/wiki/The_Merchant_of_Venice
Fiction,https://www.gutenberg.org/ebooks/8578,The Grand Inquisitor,https://en.wikipedia.org/wiki/The_Grand_Inquisitor
Fiction,https://www.gutenberg.org/ebooks/108,The Return of Sherlock Holmes,https://en.wikipedia.org/wiki/The_Return_of_Sherlock_Holmes
Fiction,https://www.gutenberg.org/ebooks/28811,Barchester Towers,https://en.wikipedia.org/wiki/Barchester_Towers
Fiction,https://www.gutenberg.org/ebooks/7178,Swann's Way,https://en.wikipedia.org/wiki/In_Search_of_Lost_Time
Fiction,https://www.gutenberg.org/ebooks/26264,The Return of the Native,https://en.wikipedia.org/wiki/The_Return_of_the_Native
Fiction,https://www.gutenberg.org/ebooks/1079,"The Life and Opinions of Tristram Shandy, Gentleman","https://en.wikipedia.org/wiki/The_Life_and_Opinions_of_Tristram_Shandy,_Gentleman"
Fiction,https://www.gutenberg.org/ebooks/26297,Little Women,https://en.wikipedia.org/wiki/Little_Women
Fiction,https://www.gutenberg.org/ebooks/17157,Gulliver's Travels into Several Remote Regions of the World,https://en.wikipedia.org/wiki/Gulliver%27s_Travels
Fiction,https://www.gutenberg.org/ebooks/6133,"The Extraordinary Adventures of Arsène Lupin, Gentleman-Burglar","https://en.wikipedia.org/wiki/Ars%C3%A8ne_Lupin,_Gentleman_Burglar"
Fiction,https://www.gutenberg.org/ebooks/31516,The Eyes Have It,
Fiction,https://www.gutenberg.org/ebooks/24571,Der Struwwelpeter (German),https://en.wikipedia.org/wiki/Struwwelpeter
Fiction,https://www.gutenberg.org/ebooks/25525,"The Works of Edgar Allan Poe, The Raven Edition",
Fiction,https://www.gutenberg.org/ebooks/39287,苦悶の欄 (Japanese),
Fiction,https://www.gutenberg.org/ebooks/22962,Mansfield Park,https://en.wikipedia.org/wiki/Mansfield_Park
Fiction,https://www.gutenberg.org/ebooks/1526,"Twelfth Night; Or, What You Will",https://en.wikipedia.org/wiki/Twelfth_Night
Fiction,https://www.gutenberg.org/ebooks/20593,Anne of Green Gables,https://en.wikipedia.org/wiki/Anne_of_Green_Gables
Fiction,https://www.gutenberg.org/ebooks/696,The Castle of Otranto,https://en.wikipedia.org/wiki/The_Castle_of_Otranto
Fiction,https://www.gutenberg.org/ebooks/284,The House of Mirth,https://en.wikipedia.org/wiki/The_House_of_Mirth
Fiction,https://www.gutenberg.org/ebooks/2992,The Middle-Class Gentleman,https://en.wikipedia.org/wiki/Le_Bourgeois_gentilhomme
Fiction,https://www.gutenberg.org/ebooks/32,Herland,https://en.wikipedia.org/wiki/Herland_(novel)
Fiction,https://www.gutenberg.org/ebooks/1056,Martin Eden,https://en.wikipedia.org/wiki/Martin_Eden
Fiction,https://www.gutenberg.org/ebooks/8954,Lady Audley's Secret,https://en.wikipedia.org/wiki/Lady_Audley%27s_Secret
Fiction,https://www.gutenberg.org/ebooks/82,Ivanhoe: A Romance,https://en.wikipedia.org/wiki/Ivanhoe
Fiction,https://www.gutenberg.org/ebooks/19033,Alice's Adventures in Wonderland,https://en.wikipedia.org/wiki/Alice%27s_Adventures_in_Wonderland
Fiction,https://www.gutenberg.org/ebooks/10148,The Merry Adventures of Robin Hood,https://en.wikipedia.org/wiki/The_Merry_Adventures_of_Robin_Hood
Fiction,https://www.gutenberg.org/ebooks/23712,Tarzan of the Apes,https://en.wikipedia.org/wiki/Tarzan_of_the_Apes
Fiction,https://www.gutenberg.org/ebooks/75999,A journey of joy,
Fiction,https://www.gutenberg.org/ebooks/17989,"Le comte de Monte-Cristo, Tome I (French)",https://en.wikipedia.org/wiki/The_Count_of_Monte_Cristo
Fiction,https://www.gutenberg.org/ebooks/67138,The Sun Also Rises,https://en.wikipedia.org/wiki/The_Sun_Also_Rises
Fiction,https://www.gutenberg.org/ebooks/4081,The Alchemist,https://en.wikipedia.org/wiki/The_Alchemist_(play)
Fiction,https://www.gutenberg.org/ebooks/1874,The Railway Children,https://en.wikipedia.org/wiki/The_Railway_Children
Fiction,https://www.gutenberg.org/ebooks/512,Mosses from an old manse,https://en.wikipedia.org/wiki/Mosses_from_an_Old_Manse
Fiction,https://www.gutenberg.org/ebooks/13951,Les trois mousquetaires (French),https://en.wikipedia.org/wiki/The_Three_Musketeers
Fiction,https://www.gutenberg.org/ebooks/2833,The Portrait of a Lady — Volume 1,https://en.wikipedia.org/wiki/The_Portrait_of_a_Lady
Fiction,https://www.gutenberg.org/ebooks/2559,"The Forsyte Saga, Volume I.",https://en.wikipedia.org/wiki/The_Forsyte_Saga
Fiction,https://www.gutenberg.org/ebooks/22981,Letters of Two Brides,https://en.wikipedia.org/wiki/M%C3%A9moires_de_deux_jeunes_mari%C3%A9es
Fiction,https://www.gutenberg.org/ebooks/8121,Ghosts,https://en.wikipedia.org/wiki/Ghosts_(play)
Fiction,https://www.gutenberg.org/ebooks/1450,Pollyanna,https://en.wikipedia.org/wiki/Pollyanna
Fiction,https://www.gutenberg.org/ebooks/131,The Pilgrim's Progress from this world to that which is to come,https://en.wikipedia.org/wiki/The_Pilgrim%27s_Progress
Fiction,https://www.gutenberg.org/ebooks/2911,Justice,https://en.wikipedia.org/wiki/Justice_(play)
Fiction,https://www.gutenberg.org/ebooks/35451,Medea of Euripides,https://en.wikipedia.org/wiki/Medea_(play)
Fiction,https://www.gutenberg.org/ebooks/932,The Fall of the House of Usher,https://en.wikipedia.org/wiki/The_Fall_of_the_House_of_Usher
Fiction,https://www.gutenberg.org/ebooks/27805,The Wind in the Willows,https://en.wikipedia.org/wiki/The_Wind_in_the_Willows
Fiction,https://www.gutenberg.org/ebooks/2518,"The Hungry Stones, and Other Stories",
Fiction,https://www.gutenberg.org/ebooks/421,Kidnapped,https://en.wikipedia.org/wiki/Kidnapped_(novel)
Fiction,https://www.gutenberg.org/ebooks/33525,Stories from Tagore,
Fiction,https://www.gutenberg.org/ebooks/155,The Moonstone,https://en.wikipedia.org/wiki/The_Moonstone
Fiction,https://www.gutenberg.org/ebooks/20000,Twenty Thousand Leagues Under the Sea,https://en.wikipedia.org/wiki/Twenty_Thousand_Leagues_Under_the_Seas
Fiction,https://www.gutenberg.org/ebooks/3618,Arms and the Man,https://en.wikipedia.org/wiki/Arms_and_the_Man
Fiction,https://www.gutenberg.org/ebooks/13437,Best Russian Short Stories,
Fiction,https://www.gutenberg.org/ebooks/75997,The room,
Fiction,https://www.gutenberg.org/ebooks/28737,At the Back of the North Wind,https://en.wikipedia.org/wiki/At_the_Back_of_the_North_Wind
Fiction,https://www.gutenberg.org/ebooks/32633,Time Enough at Last,
Fiction,https://www.gutenberg.org/ebooks/75201,A farewell to arms,https://en.wikipedia.org/wiki/A_Farewell_to_Arms
Fiction,https://www.gutenberg.org/ebooks/20973,Le tour du monde en quatre-vingts jours (French),https://en.wikipedia.org/wiki/Around_the_World_in_Eighty_Days
Fiction,https://www.gutenberg.org/ebooks/583,The Woman in White,https://en.wikipedia.org/wiki/The_Woman_in_White_(novel)
Fiction,https://www.gutenberg.org/ebooks/9830,The Beautiful and Damned,https://en.wikipedia.org/wiki/The_Beautiful_and_Damned
Fiction,https://www.gutenberg.org/ebooks/23962,西遊記 (Chinese),https://en.wikipedia.org/wiki/Journey_to_the_West
Fiction,https://www.gutenberg.org/ebooks/23078,Murder at Bridge,
Fiction,https://www.gutenberg.org/ebooks/376,A Journal of the Plague Year,https://en.wikipedia.org/wiki/A_Journal_of_the_Plague_Year
Fiction,https://www.gutenberg.org/ebooks/48320,Adventures of Sherlock Holmes,https://en.wikipedia.org/wiki/The_Adventures_of_Sherlock_Holmes
Fiction,https://www.gutenberg.org/ebooks/26274,The Swiss Family Robinson,https://en.wikipedia.org/wiki/The_Swiss_Family_Robinson
Fiction,https://www.gutenberg.org/ebooks/20687,Pride and Prejudice,https://en.wikipedia.org/wiki/Pride_and_Prejudice
Fiction,https://www.gutenberg.org/ebooks/1519,Much Ado about Nothing,https://en.wikipedia.org/wiki/Much_Ado_About_Nothing
Fiction,https://www.gutenberg.org/ebooks/550,Silas Marner,https://en.wikipedia.org/wiki/Silas_Marner
Fiction,https://www.gutenberg.org/ebooks/26654,Peter and Wendy,https://en.wikipedia.org/wiki/Peter_and_Wendy
Fiction,https://www.gutenberg.org/ebooks/23969,Typee,https://en.wikipedia.org/wiki/Typee
Fiction,https://www.gutenberg.org/ebooks/2446,An Enemy of the People,https://en.wikipedia.org/wiki/An_Enemy_of_the_People
Fiction,https://www.gutenberg.org/ebooks/6688,The Mill on the Floss,https://en.wikipedia.org/wiki/The_Mill_on_the_Floss
Fiction,https://www.gutenberg.org/ebooks/66057,The tale of Genji,https://en.wikipedia.org/wiki/The_Tale_of_Genji
Fiction,https://www.gutenberg.org/ebooks/19640,Adventures of Huckleberry Finn,https://en.wikipedia.org/wiki/Adventures_of_Huckleberry_Finn
Fiction,https://www.gutenberg.org/ebooks/1695,The Man Who Was Thursday: A Nightmare,
Fiction,https://www.gutenberg.org/ebooks/40409,Os Maias: episodios da vida romantica (Portuguese),https://en.wikipedia.org/wiki/Os_Maias
Fiction,https://www.gutenberg.org/ebooks/70954,Trois femmes (French),
Fiction,https://www.gutenberg.org/ebooks/60,The Scarlet Pimpernel,https://en.wikipedia.org/wiki/The_Scarlet_Pimpernel
Fiction,https://www.gutenberg.org/ebooks/42,The Strange Case of Dr. Jekyll and Mr. Hyde,https://en.wikipedia.org/wiki/Strange_Case_of_Dr_Jekyll_and_Mr_Hyde
Fiction,https://www.gutenberg.org/ebooks/1292,The Way of the World,https://en.wikipedia.org/wiki/The_Way_of_the_World
Fiction,https://www.gutenberg.org/ebooks/4039,"Volpone; Or, The Fox",https://en.wikipedia.org/wiki/Volpone
Fiction,https://www.gutenberg.org/ebooks/45524,The Open Boat and Other Stories,https://en.wikipedia.org/wiki/The_Open_Boat
Fiction,https://www.gutenberg.org/ebooks/75949,Terror keep,https://en.wikipedia.org/wiki/Terror_Keep
Fiction,https://www.gutenberg.org/ebooks/21601,The Vicar of Wakefield,
Fiction,https://www.gutenberg.org/ebooks/3186,"The Mysterious Stranger, and Other Stories",
Fiction,https://www.gutenberg.org/ebooks/233,Sister Carrie: A Novel,https://en.wikipedia.org/wiki/Sister_Carrie
Fiction,https://www.gutenberg.org/ebooks/40426,Daddy-Long-Legs,https://en.wikipedia.org/wiki/Daddy-Long-Legs_(novel)
Fiction,https://www.gutenberg.org/ebooks/58866,The Murder on the Links,https://en.wikipedia.org/wiki/The_Murder_on_the_Links
Fiction,https://www.gutenberg.org/ebooks/6415,This Freedom,
Fiction,https://www.gutenberg.org/ebooks/22964,Sense and Sensibility,https://en.wikipedia.org/wiki/Sense_and_Sensibility
Fiction,https://www.gutenberg.org/ebooks/76059,The thing in the woods,
Fiction,https://www.gutenberg.org/ebooks/75930,"Her evil genius :  or, Within love's call",
Fiction,https://www.gutenberg.org/ebooks/42671,Pride and Prejudice,https://en.wikipedia.org/wiki/Pride_and_Prejudice
Fiction,https://www.gutenberg.org/ebooks/76039,The red feathers :  A story of remarkable adventures when the world was young,
Fiction,https://www.gutenberg.org/ebooks/43936,The Wonderful Wizard of Oz,https://en.wikipedia.org/wiki/The_Wonderful_Wizard_of_Oz
Fiction,https://www.gutenberg.org/ebooks/61262,Poirot Investigates,https://en.wikipedia.org/wiki/Poirot_Investigates
Fiction,https://www.gutenberg.org/ebooks/143,The Mayor of Casterbridge,https://en.wikipedia.org/wiki/The_Mayor_of_Casterbridge
Fiction,https://www.gutenberg.org/ebooks/61851,El crimen y el castigo (Spanish),https://en.wikipedia.org/wiki/Crime_and_Punishment
Fiction,https://www.gutenberg.org/ebooks/47935,Fathers and Sons,https://en.wikipedia.org/wiki/Fathers_and_Sons_(novel)
Fiction,https://www.gutenberg.org/ebooks/6157,"What Men Live By, and Other Tales",https://en.wikipedia.org/wiki/What_Men_Live_By
Fiction,https://www.gutenberg.org/ebooks/65662,Der Zauberberg. Zweiter Band (German),https://en.wikipedia.org/wiki/The_Magic_Mountain
Fiction,https://www.gutenberg.org/ebooks/75011,All quiet on the Western Front,https://en.wikipedia.org/wiki/All_Quiet_on_the_Western_Front
Fiction,https://www.gutenberg.org/ebooks/3289,The Valley of Fear,https://en.wikipedia.org/wiki/The_Valley_of_Fear
Fiction,https://www.gutenberg.org/ebooks/790,Lady Windermere's Fan,https://en.wikipedia.org/wiki/Lady_Windermere%27s_Fan
Fiction,https://www.gutenberg.org/ebooks/20058,The Napoleon of Notting Hill,https://en.wikipedia.org/wiki/The_Napoleon_of_Notting_Hill
Fiction,https://www.gutenberg.org/ebooks/19797,Dracula,https://en.wikipedia.org/wiki/Dracula
Fiction,https://www.gutenberg.org/ebooks/544,Anne's House of Dreams,https://en.wikipedia.org/wiki/Anne%27s_House_of_Dreams
Fiction,https://www.gutenberg.org/ebooks/22452,Howards End,https://en.wikipedia.org/wiki/Howards_End
Fiction,https://www.gutenberg.org/ebooks/1268,The Mysterious Island,https://en.wikipedia.org/wiki/The_Mysterious_Island
Fiction,https://www.gutenberg.org/ebooks/1929,The School for Scandal,https://en.wikipedia.org/wiki/The_School_for_Scandal
Fiction,https://www.gutenberg.org/ebooks/19516,The Adventures of Pinocchio,https://en.wikipedia.org/wiki/The_Adventures_of_Pinocchio
Fiction,https://www.gutenberg.org/ebooks/2868,The Green Mummy,
Fiction,https://www.gutenberg.org/ebooks/102,The Tragedy of Pudd'nhead Wilson,https://en.wikipedia.org/wiki/Pudd%27nhead_Wilson
Fiction,https://www.gutenberg.org/ebooks/57426,Baron Trump's Marvellous Underground Journey,
Fiction,https://www.gutenberg.org/ebooks/23936,Treasure Island,https://en.wikipedia.org/wiki/Treasure_Island
Crime_Mystery,https://www.gutenberg.org/ebooks/14977,The Red Record,
Crime_Mystery,https://www.gutenberg.org/ebooks/14975,Southern Horrors: Lynch Law in All Its Phases,
Crime_Mystery,https://www.gutenberg.org/ebooks/32854,"Arsène Lupin, gentleman-cambrioleur (French)","https://en.wikipedia.org/wiki/Ars%C3%A8ne_Lupin,_Gentleman_Burglar"
Crime_Mystery,https://www.gutenberg.org/ebooks/204,The innocence of Father Brown,
Crime_Mystery,https://www.gutenberg.org/ebooks/26468,The Middle Temple Murder,
Crime_Mystery,https://www.gutenberg.org/ebooks/57764,Crimes of Preachers in the United States and Canada,
Crime_Mystery,https://www.gutenberg.org/ebooks/1063,The Cask of Amontillado,https://en.wikipedia.org/wiki/The_Cask_of_Amontillado
Crime_Mystery,https://www.gutenberg.org/ebooks/558,The Thirty-Nine Steps,https://en.wikipedia.org/wiki/The_Thirty-Nine_Steps
Crime_Mystery,https://www.gutenberg.org/ebooks/76072,The mystery of Angelina Frood,
Crime_Mystery,https://www.gutenberg.org/ebooks/1155,The Secret Adversary,https://en.wikipedia.org/wiki/The_Secret_Adversary
Crime_Mystery,https://www.gutenberg.org/ebooks/1917,The Queen of Hearts,
Crime_Mystery,https://www.gutenberg.org/ebooks/564,The Mystery of Edwin Drood,https://en.wikipedia.org/wiki/The_Mystery_of_Edwin_Drood
Crime_Mystery,https://www.gutenberg.org/ebooks/974,The Secret Agent: A Simple Tale,https://en.wikipedia.org/wiki/The_Secret_Agent
Crime_Mystery,https://www.gutenberg.org/ebooks/75922,The amazing adventures of Letitia Carberry,
Crime_Mystery,https://www.gutenberg.org/ebooks/70114,The Big Four,https://en.wikipedia.org/wiki/The_Big_Four_(novel)
Crime_Mystery,https://www.gutenberg.org/ebooks/75967,"Dr. Mabuse, master of mystery :  a novel",
Crime_Mystery,https://www.gutenberg.org/ebooks/69700,The case-book of Sherlock Holmes,https://en.wikipedia.org/wiki/The_Case-Book_of_Sherlock_Holmes
Crime_Mystery,https://www.gutenberg.org/ebooks/26587,The Paradise Mystery,
Crime_Mystery,https://www.gutenberg.org/ebooks/2350,His Last Bow: An Epilogue of Sherlock Holmes,https://en.wikipedia.org/wiki/His_Last_Bow
Crime_Mystery,https://www.gutenberg.org/ebooks/61168,The Man in the Brown Suit,https://en.wikipedia.org/wiki/The_Man_in_the_Brown_Suit
Crime_Mystery,https://www.gutenberg.org/ebooks/72824,The mystery of the Blue Train,https://en.wikipedia.org/wiki/The_Mystery_of_the_Blue_Train
Crime_Mystery,https://www.gutenberg.org/ebooks/25393,施公案 (Chinese),
Crime_Mystery,https://www.gutenberg.org/ebooks/75288,The Seven Dials mystery,https://en.wikipedia.org/wiki/The_Seven_Dials_Mystery
Crime_Mystery,https://www.gutenberg.org/ebooks/50603,Minute Mysteries [Detectograms],
Crime_Mystery,https://www.gutenberg.org/ebooks/76049,Dancing Devil range,
Crime_Mystery,https://www.gutenberg.org/ebooks/2150,The Works of Edgar Allan Poe — Volume 4,
Crime_Mystery,https://www.gutenberg.org/ebooks/2149,The Works of Edgar Allan Poe — Volume 3,
Crime_Mystery,https://www.gutenberg.org/ebooks/101,The Hacker Crackdown: Law and Disorder on the Electronic Frontier,https://en.wikipedia.org/wiki/The_Hacker_Crackdown
Crime_Mystery,https://www.gutenberg.org/ebooks/1320,"Criminal Psychology: A Manual for Judges, Practitioners, and Students",
Crime_Mystery,https://www.gutenberg.org/ebooks/28733,The Adventures of Sherlock Holmes,https://en.wikipedia.org/wiki/The_Adventures_of_Sherlock_Holmes
Crime_Mystery,https://www.gutenberg.org/ebooks/41325,幽霊書店 (Japanese),https://en.wikipedia.org/wiki/The_Haunted_Bookshop
Crime_Mystery,https://www.gutenberg.org/ebooks/21854,The Woman in Black,
Crime_Mystery,https://www.gutenberg.org/ebooks/74548,"Great short stories, Volume 1 (of 3) :  Detective stories",
Crime_Mystery,https://www.gutenberg.org/ebooks/1685,The Mystery of the Yellow Room,https://en.wikipedia.org/wiki/The_Mystery_of_the_Yellow_Room
Crime_Mystery,https://www.gutenberg.org/ebooks/26470,The Red House Mystery,https://en.wikipedia.org/wiki/The_Red_House_Mystery
Crime_Mystery,https://www.gutenberg.org/ebooks/1849,The Yellow Crayon,
Crime_Mystery,https://www.gutenberg.org/ebooks/26970,彭公案 (Chinese),
Crime_Mystery,https://www.gutenberg.org/ebooks/23053,Night of the Living Dead,
Crime_Mystery,https://www.gutenberg.org/ebooks/75858,The strange countess,https://en.wikipedia.org/wiki/The_Strange_Countess_(novel)
Crime_Mystery,https://www.gutenberg.org/ebooks/4686,"Underground: Hacking, madness and obsession on the electronic frontier",https://en.wikipedia.org/wiki/Underground_(Dreyfus_book)
Crime_Mystery,https://www.gutenberg.org/ebooks/65335,"Arms and Armor of the Pilgrims, 1620-1692",
Crime_Mystery,https://www.gutenberg.org/ebooks/21520,The Hound of the Baskervilles,https://en.wikipedia.org/wiki/The_Hound_of_the_Baskervilles
Crime_Mystery,https://www.gutenberg.org/ebooks/20674,The Triumphs of Eugene Valmont,
Crime_Mystery,https://www.gutenberg.org/ebooks/65238,The Secret of Chimneys,
Crime_Mystery,https://www.gutenberg.org/ebooks/28839,The Clue of the Twisted Candle,https://en.wikipedia.org/wiki/The_Clue_of_the_Twisted_Candle
Crime_Mystery,https://www.gutenberg.org/ebooks/22747,Financial Crime and Corruption,
Crime_Mystery,https://www.gutenberg.org/ebooks/2760,Celebrated Crimes (Complete),
Crime_Mystery,https://www.gutenberg.org/ebooks/58820,Whose Body? A Lord Peter Wimsey Novel,https://en.wikipedia.org/wiki/Whose_Body%3F
Crime_Mystery,https://www.gutenberg.org/ebooks/223,The wisdom of Father Brown,
Crime_Mystery,https://www.gutenberg.org/ebooks/21603,The Wisdom of Father Brown,
Crime_Mystery,https://www.gutenberg.org/ebooks/9551,The Adventures of Sherlock Holmes,https://en.wikipedia.org/wiki/The_Adventures_of_Sherlock_Holmes
Crime_Mystery,https://www.gutenberg.org/ebooks/67173,The Missing Will,
Crime_Mystery,https://www.gutenberg.org/ebooks/3321,Children of the Whirlwind,
Crime_Mystery,https://www.gutenberg.org/ebooks/34158,入れかわった男 (Japanese),
Crime_Mystery,https://www.gutenberg.org/ebooks/75840,The trail of the serpent,https://en.wikipedia.org/wiki/The_Trail_of_the_Serpent
Crime_Mystery,https://www.gutenberg.org/ebooks/537,Tales of Terror and Mystery,
Crime_Mystery,https://www.gutenberg.org/ebooks/59298,"L'uomo delinquente (Italian)",
Crime_Mystery,https://www.gutenberg.org/ebooks/221,The Return of Sherlock Holmes,https://en.wikipedia.org/wiki/The_Return_of_Sherlock_Holmes
Crime_Mystery,https://www.gutenberg.org/ebooks/5164,The Beetle: A Mystery,https://en.wikipedia.org/wiki/The_Beetle_(novel)
Crime_Mystery,https://www.gutenberg.org/ebooks/21586,The Sign of the Four,https://en.wikipedia.org/wiki/The_Sign_of_the_Four
Crime_Mystery,https://www.gutenberg.org/ebooks/23723,"The Man Who was Thursday, A Nightmare",
Crime_Mystery,https://www.gutenberg.org/ebooks/67160,The Hunter's Lodge Case,
Crime_Mystery,https://www.gutenberg.org/ebooks/21522,The innocence of Father Brown,https://en.wikipedia.org/wiki/The_Sign_of_the_Broken_Sword
Crime_Mystery,https://www.gutenberg.org/ebooks/75896,Arsène Lupin intervenes,
Crime_Mystery,https://www.gutenberg.org/ebooks/69404,You can't win,https://en.wikipedia.org/wiki/You_Can%27t_Win_(book)
Crime_Mystery,https://www.gutenberg.org/ebooks/12758,Library of the World's Best Mystery and Detective Stories,
Crime_Mystery,https://www.gutenberg.org/ebooks/66446,The Plymouth Express Affair,
Crime_Mystery,https://www.gutenberg.org/ebooks/3070,The Hound of the Baskervilles,https://en.wikipedia.org/wiki/The_Hound_of_the_Baskervilles
Crime_Mystery,https://www.gutenberg.org/ebooks/21525,The Man Who Knew Too Much,
Crime_Mystery,https://www.gutenberg.org/ebooks/28755,The Hollow Needle: Further Adventures of Arsène Lupin,https://en.wikipedia.org/wiki/The_Hollow_Needle
Crime_Mystery,https://www.gutenberg.org/ebooks/9553,The Return of Sherlock Holmes,https://en.wikipedia.org/wiki/The_Return_of_Sherlock_Holmes
Crime_Mystery,https://www.gutenberg.org/ebooks/75808,Four square Jane,https://en.wikipedia.org/wiki/Four_Square_Jane
Crime_Mystery,https://www.gutenberg.org/ebooks/75925,Schuß in's Geschäft (Der Fall Otto Eißler) (German),
Crime_Mystery,https://www.gutenberg.org/ebooks/19564,The Pirates' Who's Who,
Crime_Mystery,https://www.gutenberg.org/ebooks/2028,The Yellow Claw,https://en.wikipedia.org/wiki/The_Yellow_Claw
Crime_Mystery,https://www.gutenberg.org/ebooks/75909,"The double dagger :  or, Nat Ridley's Mexican trail",
Crime_Mystery,https://www.gutenberg.org/ebooks/1872,The Red House Mystery,https://en.wikipedia.org/wiki/The_Red_House_Mystery
Crime_Mystery,https://www.gutenberg.org/ebooks/40203,Arsène Lupin versus Herlock Sholmes,https://en.wikipedia.org/wiki/Ars%C3%A8ne_Lupin_versus_Herlock_Sholmes
Crime_Mystery,https://www.gutenberg.org/ebooks/2038,The Lock and Key Library: Classic Mystery and Detective Stories: Modern English,
Crime_Mystery,https://www.gutenberg.org/ebooks/14976,Mob Rule in New Orleans,
Crime_Mystery,https://www.gutenberg.org/ebooks/70008,Unnatural death,https://en.wikipedia.org/wiki/Unnatural_Death_(novel)
Crime_Mystery,https://www.gutenberg.org/ebooks/35818,Doors of the Night,
Crime_Mystery,https://www.gutenberg.org/ebooks/34323,The Samurai Strategy,
Crime_Mystery,https://www.gutenberg.org/ebooks/34321,Syndrome,
Crime_Mystery,https://www.gutenberg.org/ebooks/59828,"The String of Pearls; Or, The Barber of Fleet Street. A Domestic Romance.",https://en.wikipedia.org/wiki/The_String_of_Pearls
Crime_Mystery,https://www.gutenberg.org/ebooks/57669,The problem of Cell 13,https://en.wikipedia.org/wiki/The_Problem_of_Cell_13
Crime_Mystery,https://www.gutenberg.org/ebooks/173,The Insidious Dr. Fu Manchu,https://en.wikipedia.org/wiki/The_Mystery_of_Dr._Fu-Manchu
Crime_Mystery,https://www.gutenberg.org/ebooks/172,The Haunted Bookshop,https://en.wikipedia.org/wiki/The_Haunted_Bookshop
Crime_Mystery,https://www.gutenberg.org/ebooks/75669,The Templeton case,
Crime_Mystery,https://www.gutenberg.org/ebooks/34079,Tajemnica Baskerville'ów: dziwne przygody Sherlocka Holmes (Polish),https://en.wikipedia.org/wiki/The_Hound_of_the_Baskervilles
Crime_Mystery,https://www.gutenberg.org/ebooks/26574,"The Extraordinary Adventures of Arsène Lupin, Gentleman-Burglar","https://en.wikipedia.org/wiki/Ars%C3%A8ne_Lupin,_Gentleman_Burglar"
Crime_Mystery,https://www.gutenberg.org/ebooks/20592,The Amateur Cracksman,https://en.wikipedia.org/wiki/The_Amateur_Cracksman
Crime_Mystery,https://www.gutenberg.org/ebooks/58700,Crimes and Punishments,
Crime_Mystery,https://www.gutenberg.org/ebooks/20047,Four Max Carrados Detective Stories,
Crime_Mystery,https://www.gutenberg.org/ebooks/73547,The case of Charles Dexter Ward,https://en.wikipedia.org/wiki/The_Case_of_Charles_Dexter_Ward
Crime_Mystery,https://www.gutenberg.org/ebooks/9555,The Memoirs of Sherlock Holmes,https://en.wikipedia.org/wiki/The_Memoirs_of_Sherlock_Holmes
Crime_Mystery,https://www.gutenberg.org/ebooks/57314,The Yellow Face,
Crime_Mystery,https://www.gutenberg.org/ebooks/170,The Haunted Hotel: A Mystery of Modern Venice,
Crime_Mystery,https://www.gutenberg.org/ebooks/75855,The smear,
Crime_Mystery,https://www.gutenberg.org/ebooks/3181,The Stolen White Elephant,https://en.wikipedia.org/wiki/The_Stolen_White_Elephant
Crime_Mystery,https://www.gutenberg.org/ebooks/1563,The Crystal Stopper,https://en.wikipedia.org/wiki/The_Crystal_Stopper
Crime_Mystery,https://www.gutenberg.org/ebooks/75760,The house of evil,
Crime_Mystery,https://www.gutenberg.org/ebooks/1720,The Man Who Knew Too Much,
Crime_Mystery,https://www.gutenberg.org/ebooks/58238,Sämtliche Werke 1-2 :  Rodion Raskolnikoff (Schuld und Sühne) (German),https://en.wikipedia.org/wiki/Crime_and_Punishment
Crime_Mystery,https://www.gutenberg.org/ebooks/2741,The Borgias,
Crime_Mystery,https://www.gutenberg.org/ebooks/4014,Arsène Lupin,"https://en.wikipedia.org/wiki/Ars%C3%A8ne_Lupin,_Gentleman_Burglar"
Crime_Mystery,https://www.gutenberg.org/ebooks/5888,Crime and Corruption,
Crime_Mystery,https://www.gutenberg.org/ebooks/24929,The Green Rust,https://en.wikipedia.org/wiki/The_Green_Rust
Crime_Mystery,https://www.gutenberg.org/ebooks/75589,The dark eyes of London,https://en.wikipedia.org/wiki/The_Dark_Eyes_of_London_(novel)
Crime_Mystery,https://www.gutenberg.org/ebooks/75992,Kuolleen silmät :  Kertomuksia tuntemattoman ovilta (Finnish),https://fi.wikipedia.org/wiki/Kuolleen_silm%C3%A4t
Crime_Mystery,https://www.gutenberg.org/ebooks/2346,The Adventure of the Bruce-Partington Plans,https://en.wikipedia.org/wiki/The_Adventure_of_the_Bruce-Partington_Plans
Crime_Mystery,https://www.gutenberg.org/ebooks/807,Hunted Down: The Detective Stories of Charles Dickens,
Crime_Mystery,https://www.gutenberg.org/ebooks/3803,File No. 113,
Crime_Mystery,https://www.gutenberg.org/ebooks/71282,Criminality and economic conditions,
Crime_Mystery,https://www.gutenberg.org/ebooks/75643,The Black Abbot,https://en.wikipedia.org/wiki/The_Black_Abbot_(novel)
Crime_Mystery,https://www.gutenberg.org/ebooks/2743,Massacres of the South (1551-1815),
Crime_Mystery,https://www.gutenberg.org/ebooks/39544,The Incendiary: A Story of Mystery,
Crime_Mystery,https://www.gutenberg.org/ebooks/70432,Clouds of witness,https://en.wikipedia.org/wiki/Clouds_of_Witness
Crime_Mystery,https://www.gutenberg.org/ebooks/4047,The Leavenworth Case,https://en.wikipedia.org/wiki/The_Leavenworth_Case
Crime_Mystery,https://www.gutenberg.org/ebooks/2746,Urbain Grandier,
Crime_Mystery,https://www.gutenberg.org/ebooks/70083,The tower treasure,https://en.wikipedia.org/wiki/The_Tower_Treasure
Crime_Mystery,https://www.gutenberg.org/ebooks/33173,"A Thief in the Night: Further adventures of A. J. Raffles, Cricketer and Cracksman",https://en.wikipedia.org/wiki/A_Thief_in_the_Night_(short_story_collection)
Crime_Mystery,https://www.gutenberg.org/ebooks/73295,Lord Peter views the body,https://en.wikipedia.org/wiki/Lord_Peter_Views_the_Body
Crime_Mystery,https://www.gutenberg.org/ebooks/55305,The Black Patch,
Crime_Mystery,https://www.gutenberg.org/ebooks/4017,The Hollow Needle; Further adventures of Arsène Lupin,https://en.wikipedia.org/wiki/The_Hollow_Needle
Crime_Mystery,https://www.gutenberg.org/ebooks/2347,The Adventure of the Dying Detective,https://en.wikipedia.org/wiki/The_Adventure_of_the_Dying_Detective
Crime_Mystery,https://www.gutenberg.org/ebooks/75562,"The Assassination Bureau, Ltd.","https://en.wikipedia.org/wiki/The_Assassination_Bureau,_Ltd"
Crime_Mystery,https://www.gutenberg.org/ebooks/50285,"Dr. Mabuse, der Spieler :  Roman (German)",
Crime_Mystery,https://www.gutenberg.org/ebooks/13097,"Lives of the Most Remarkable Criminals Who have been Condemned and Executed for Murder, the Highway, Housebreaking, Street Robberies, Coining or other offences",
Crime_Mystery,https://www.gutenberg.org/ebooks/75310,The secret of the caves,https://en.wikipedia.org/wiki/The_Secret_of_the_Caves
Crime_Mystery,https://www.gutenberg.org/ebooks/9552,The Hound of the Baskervilles,https://en.wikipedia.org/wiki/The_Hound_of_the_Baskervilles
Crime_Mystery,https://www.gutenberg.org/ebooks/24342,The Story of the Outlaw: A Study of the Western Desperado,
Crime_Mystery,https://www.gutenberg.org/ebooks/9557,The Valley of Fear,https://en.wikipedia.org/wiki/The_Valley_of_Fear
Crime_Mystery,https://www.gutenberg.org/ebooks/1718,Manalive,https://en.wikipedia.org/wiki/Manalive
Crime_Mystery,https://www.gutenberg.org/ebooks/9705,The Mystery of Edwin Drood,https://en.wikipedia.org/wiki/The_Mystery_of_Edwin_Drood
Crime_Mystery,https://www.gutenberg.org/ebooks/70034,The stainless steel rat,https://en.wikipedia.org/wiki/The_Stainless_Steel_Rat
Crime_Mystery,https://www.gutenberg.org/ebooks/75493,The lazy detective,
Crime_Mystery,https://www.gutenberg.org/ebooks/49222,"John Silence, Physician Extraordinary",
Crime_Mystery,https://www.gutenberg.org/ebooks/72869,Meet the Tiger,https://en.wikipedia.org/wiki/Meet_the_Tiger
Crime_Mystery,https://www.gutenberg.org/ebooks/72855,The unpleasantness at the Bellona Club,https://en.wikipedia.org/wiki/The_Unpleasantness_at_the_Bellona_Club
Crime_Mystery,https://www.gutenberg.org/ebooks/34318,Life Blood,
Crime_Mystery,https://www.gutenberg.org/ebooks/75702,The melody of death,https://en.wikipedia.org/wiki/The_Melody_of_Death
Crime_Mystery,https://www.gutenberg.org/ebooks/9556,A Study in Scarlet,https://en.wikipedia.org/wiki/A_Study_in_Scarlet
Crime_Mystery,https://www.gutenberg.org/ebooks/75877,"Lucius Davoren; or, Publicans and sinners, vol. 3",
Crime_Mystery,https://www.gutenberg.org/ebooks/1686,The Secret of the Night,https://en.wikipedia.org/wiki/The_Secret_of_the_Night
Crime_Mystery,https://www.gutenberg.org/ebooks/75476,The poisoned chocolates case,https://en.wikipedia.org/wiki/The_Poisoned_Chocolates_Case
Crime_Mystery,https://www.gutenberg.org/ebooks/9554,His Last Bow,https://en.wikipedia.org/wiki/His_Last_Bow
Crime_Mystery,https://www.gutenberg.org/ebooks/9558,The Sign of the Four,https://en.wikipedia.org/wiki/The_Sign_of_the_Four
Crime_Mystery,https://www.gutenberg.org/ebooks/27523,Masterpieces of Mystery in Four Volumes: Detective Stories,
Crime_Mystery,https://www.gutenberg.org/ebooks/434,The Circular Staircase,https://en.wikipedia.org/wiki/The_Circular_Staircase
Crime_Mystery,https://www.gutenberg.org/ebooks/13172,True Stories of Crime From the District Attorney's Office,
Crime_Mystery,https://www.gutenberg.org/ebooks/93,"Tom Sawyer, Detective","https://en.wikipedia.org/wiki/Tom_Sawyer,_Detective"
Crime_Mystery,https://www.gutenberg.org/ebooks/446,A Book of Remarkable Criminals,
Crime_Mystery,https://www.gutenberg.org/ebooks/13882,John Thorndyke's Cases,
Crime_Mystery,https://www.gutenberg.org/ebooks/1696,The Club of Queer Trades,
Crime_Mystery,https://www.gutenberg.org/ebooks/1622,The Law and the Lady,https://en.wikipedia.org/wiki/The_Law_and_the_Lady_(novel)
Crime_Mystery,https://www.gutenberg.org/ebooks/1626,After Dark,https://en.wikipedia.org/wiki/After_Dark_(short_story_collection)
Crime_Mystery,https://www.gutenberg.org/ebooks/1601,The Breaking Point,
Crime_Mystery,https://www.gutenberg.org/ebooks/2043,The Lock and Key Library: The most interesting stories of all nations: American,
Crime_Mystery,https://www.gutenberg.org/ebooks/75790,Cursed be the treasure,
Crime_Mystery,https://www.gutenberg.org/ebooks/3336,Within an Inch of His Life,
Crime_Mystery,https://www.gutenberg.org/ebooks/7691,Lucretia — Complete,
Crime_Mystery,https://www.gutenberg.org/ebooks/1629,"""I Say No""",
Crime_Mystery,https://www.gutenberg.org/ebooks/67248,El clavo (Spanish),https://es.wikipedia.org/wiki/El_clavo
Crime_Mystery,https://www.gutenberg.org/ebooks/1183,The Return of Dr. Fu-Manchu,
Crime_Mystery,https://www.gutenberg.org/ebooks/75359,The crime at Black Dudley,https://en.wikipedia.org/wiki/The_Crime_at_Black_Dudley
Crime_Mystery,https://www.gutenberg.org/ebooks/75729,The river of stars,https://en.wikipedia.org/wiki/The_River_of_Stars_(novel)
Crime_Mystery,https://www.gutenberg.org/ebooks/2451,Caught in the Net,
Crime_Mystery,https://www.gutenberg.org/ebooks/2756,Marquise Brinvillier,
Crime_Mystery,https://www.gutenberg.org/ebooks/33695,X Y Z: A Detective Story,
Crime_Mystery,https://www.gutenberg.org/ebooks/41457,The German Spy System from Within,
Crime_Mystery,https://www.gutenberg.org/ebooks/32978,下宿人 (Japanese),
Crime_Mystery,https://www.gutenberg.org/ebooks/22349,The Camp of the Dog,
Crime_Mystery,https://www.gutenberg.org/ebooks/75628,In the night,
Crime_Mystery,https://www.gutenberg.org/ebooks/28093,The Confessions of Arsène Lupin,
Crime_Mystery,https://www.gutenberg.org/ebooks/8624,The Adventures of Sherlock Holmes,https://en.wikipedia.org/wiki/The_Adventures_of_Sherlock_Holmes
Crime_Mystery,https://www.gutenberg.org/ebooks/70938,The day will come :  a novel,
Crime_Mystery,https://www.gutenberg.org/ebooks/1182,Dope,https://en.wikipedia.org/wiki/Dope_(novel)
Crime_Mystery,https://www.gutenberg.org/ebooks/30970,Miss Cayley's Adventures,
Crime_Mystery,https://www.gutenberg.org/ebooks/75384,The patient in Room 18,https://en.wikipedia.org/wiki/The_Patient_in_Room_18
Crime_Mystery,https://www.gutenberg.org/ebooks/30836,Seven Keys to Baldpate,https://en.wikipedia.org/wiki/Seven_Keys_to_Baldpate_(novel)
Crime_Mystery,https://www.gutenberg.org/ebooks/27794,Fantômas,
Crime_Mystery,https://www.gutenberg.org/ebooks/13990,The Fugitive Slave Law and Its Victims,
Crime_Mystery,https://www.gutenberg.org/ebooks/706,The Amateur Cracksman,https://en.wikipedia.org/wiki/The_Amateur_Cracksman
Crime_Mystery,https://www.gutenberg.org/ebooks/2345,The Adventure of the Red Circle,https://en.wikipedia.org/wiki/The_Adventure_of_the_Red_Circle
Crime_Mystery,https://www.gutenberg.org/ebooks/46649,"The Chronicles of Newgate, vol. 1/2",
Crime_Mystery,https://www.gutenberg.org/ebooks/56503,Tyburn Tree: Its History and Annals,
Crime_Mystery,https://www.gutenberg.org/ebooks/45660,"Life and adventures of Frank and Jesse James, the noted western outlaws",
Crime_Mystery,https://www.gutenberg.org/ebooks/2753,Ali Pacha,
Crime_Mystery,https://www.gutenberg.org/ebooks/53111,Half-hours with the Highwaymen - Vol 1,
Crime_Mystery,https://www.gutenberg.org/ebooks/22654,The Doctor of Pimlico: Being the Disclosure of a Great Crime,
Crime_Mystery,https://www.gutenberg.org/ebooks/1585,The Wrong Box,https://en.wikipedia.org/wiki/The_Wrong_Box_(novel)
Crime_Mystery,https://www.gutenberg.org/ebooks/23641,The Forsaken Inn: A Novel,
Crime_Mystery,https://www.gutenberg.org/ebooks/707,Raffles: Further Adventures of the Amateur Cracksman,https://en.wikipedia.org/wiki/The_Black_Mask
Crime_Mystery,https://www.gutenberg.org/ebooks/8615,A Study in Scarlet,https://en.wikipedia.org/wiki/A_Study_in_Scarlet
Crime_Mystery,https://www.gutenberg.org/ebooks/75500,Murder by the clock,
Crime_Mystery,https://www.gutenberg.org/ebooks/46746,"The Chronicles of Newgate, vol. 2/2",
Crime_Mystery,https://www.gutenberg.org/ebooks/75577,Footprints,
Crime_Mystery,https://www.gutenberg.org/ebooks/1831,The Lock and Key Library: Classic Mystery and Detective Stories: Old Time English,
Crime_Mystery,https://www.gutenberg.org/ebooks/2349,The Adventure of the Devil's Foot,https://en.wikipedia.org/wiki/The_Adventure_of_the_Devil%27s_Foot
Crime_Mystery,https://www.gutenberg.org/ebooks/74643,"The Italian, Volume 1 (of 3) :  or, the confessional of the Black Penitents",https://en.wikipedia.org/wiki/The_Italian_(Radcliffe_novel)
Crime_Mystery,https://www.gutenberg.org/ebooks/39921,Les vrais mystères de Paris (French),
Crime_Mystery,https://www.gutenberg.org/ebooks/2744,Mary Stuart,
Crime_Mystery,https://www.gutenberg.org/ebooks/26081,"Fighting the Traffic in Young Girls; Or, War on the White Slave Trade",
Crime_Mystery,https://www.gutenberg.org/ebooks/75488,The purple sickle murders,https://en.wikipedia.org/wiki/The_Box_Office_Murders
Crime_Mystery,https://www.gutenberg.org/ebooks/40835,The Pauper of Park Lane,
Crime_Mystery,https://www.gutenberg.org/ebooks/75758,Dames,
Crime_Mystery,https://www.gutenberg.org/ebooks/17866,Murder in the Gunroom,
Crime_Mystery,https://www.gutenberg.org/ebooks/2344,The Adventure of the Cardboard Box,https://en.wikipedia.org/wiki/The_Adventure_of_the_Cardboard_Box
Crime_Mystery,https://www.gutenberg.org/ebooks/70175,The secret of Father Brown,
Crime_Mystery,https://www.gutenberg.org/ebooks/20912,The Daffodil Mystery,https://en.wikipedia.org/wiki/The_Daffodil_Mystery
Crime_Mystery,https://www.gutenberg.org/ebooks/31635,The Silent Barrier,
Crime_Mystery,https://www.gutenberg.org/ebooks/35617,The Terror: A Mystery,
Crime_Mystery,https://www.gutenberg.org/ebooks/1703,Dead Men Tell No Tales,
Crime_Mystery,https://www.gutenberg.org/ebooks/21087,The Ghost Ship: A Mystery of the Sea,
Crime_Mystery,https://www.gutenberg.org/ebooks/52683,The Mystery Boys and the Inca Gold,
Crime_Mystery,https://www.gutenberg.org/ebooks/75325,The Bellamy trial,https://en.wikipedia.org/wiki/The_Bellamy_Trial_(novel)
Crime_Mystery,https://www.gutenberg.org/ebooks/75012,The mystery of Cabin Island,https://en.wikipedia.org/wiki/The_Mystery_of_Cabin_Island
Crime_Mystery,https://www.gutenberg.org/ebooks/2751,Man in the Iron Mask (an Essay),
Crime_Mystery,https://www.gutenberg.org/ebooks/72581,Lady Molly of Scotland Yard,https://en.wikipedia.org/wiki/Lady_Molly_of_Scotland_Yard
Crime_Mystery,https://www.gutenberg.org/ebooks/1632,A Book of Scoundrels,
Crime_Mystery,https://www.gutenberg.org/ebooks/43135,The Riddle of the Purple Emperor,
Crime_Mystery,https://www.gutenberg.org/ebooks/13765,Le mystère de la chambre jaune (French),https://en.wikipedia.org/wiki/The_Mystery_of_the_Yellow_Room
Crime_Mystery,https://www.gutenberg.org/ebooks/3180,A Double Barrelled Detective Story,https://en.wikipedia.org/wiki/A_Double_Barrelled_Detective_Story
Crime_Mystery,https://www.gutenberg.org/ebooks/45038,Perlycross: A Tale of the Western Hills,https://en.wikipedia.org/wiki/Perlycross
Crime_Mystery,https://www.gutenberg.org/ebooks/5256,The History of the Life of the Late Mr. Jonathan Wild the Great,"https://en.wikipedia.org/wiki/The_Life_and_Death_of_Jonathan_Wild,_the_Great"
Crime_Mystery,https://www.gutenberg.org/ebooks/9532,The Lock and Key Library: Classic Mystery and Detective Stories: Old Time English,
Crime_Mystery,https://www.gutenberg.org/ebooks/17197,The Black Box,
Crime_Mystery,https://www.gutenberg.org/ebooks/10102,The Czar's Spy: The Mystery of a Silent Love,
Crime_Mystery,https://www.gutenberg.org/ebooks/2343,The Adventure of Wisteria Lodge,https://en.wikipedia.org/wiki/The_Adventure_of_Wisteria_Lodge
Crime_Mystery,https://www.gutenberg.org/ebooks/2755,Murat,
Crime_Mystery,https://www.gutenberg.org/ebooks/8572,Cord and Creese,
Crime_Mystery,https://www.gutenberg.org/ebooks/35254,In the Onyx Lobby,
Crime_Mystery,https://www.gutenberg.org/ebooks/70236,The secret of the old mill,https://en.wikipedia.org/wiki/The_Secret_of_the_Old_Mill
Crime_Mystery,https://www.gutenberg.org/ebooks/14851,Uncle Silas: A Tale of Bartram-Haugh,https://en.wikipedia.org/wiki/Uncle_Silas
Crime_Mystery,https://www.gutenberg.org/ebooks/2014,The Lodger,https://en.wikipedia.org/wiki/The_Lodger_(novel)
Crime_Mystery,https://www.gutenberg.org/ebooks/2098,A Thief in the Night: A Book of Raffles' Adventures,https://en.wikipedia.org/wiki/A_Thief_in_the_Night_(short_story_collection)
Crime_Mystery,https://www.gutenberg.org/ebooks/1970,A Poor Wise Man,
Crime_Mystery,https://www.gutenberg.org/ebooks/55668,Twenty Years' Recollections of an Irish Police Magistrate,
Crime_Mystery,https://www.gutenberg.org/ebooks/9679,"The Life, Adventures and Piracies of the Famous Captain Singleton",https://en.wikipedia.org/wiki/Captain_Singleton
Crime_Mystery,https://www.gutenberg.org/ebooks/73254,The crooked cross,
Crime_Mystery,https://www.gutenberg.org/ebooks/38531,"The Beckoning Hand, and Other Stories",
Crime_Mystery,https://www.gutenberg.org/ebooks/10556,The Old Man in the Corner,https://en.wikipedia.org/wiki/The_Old_Man_in_the_Corner
Crime_Mystery,https://www.gutenberg.org/ebooks/46585,The Chronicles of Crime or The New Newgate Calendar. v. 1/2,
Crime_Mystery,https://www.gutenberg.org/ebooks/34732,Max Carrados,https://en.wikipedia.org/wiki/Max_Carrados
Crime_Mystery,https://www.gutenberg.org/ebooks/38983,"The Camp Fire Girls Solve a Mystery; Or, The Christmas Adventure at Carver House",
Crime_Mystery,https://www.gutenberg.org/ebooks/75157,The Bishop murder case,https://en.wikipedia.org/wiki/The_Bishop_Murder_Case
Crime_Mystery,https://www.gutenberg.org/ebooks/59478,The adventures of Dr. Thorndyke (The singing bone),
Crime_Mystery,https://www.gutenberg.org/ebooks/50520,Early French Prisons,
Crime_Mystery,https://www.gutenberg.org/ebooks/75646,"The astounding crime on Torrington Road :  Being an account of what might be termed ""the Pentecost episode"" in a most audacious criminal career",
Crime_Mystery,https://www.gutenberg.org/ebooks/1218,The Adventures of Jimmie Dale,
Crime_Mystery,https://www.gutenberg.org/ebooks/21617,That Affair Next Door,
Crime_Mystery,https://www.gutenberg.org/ebooks/52301,Some Distinguished Victims of the Scaffold,
Crime_Mystery,https://www.gutenberg.org/ebooks/363,The Oakdale Affair,https://en.wikipedia.org/wiki/The_Oakdale_Affair
Crime_Mystery,https://www.gutenberg.org/ebooks/44476,"Satan's Invisible World Displayed; or, Despairing Democracy",
Crime_Mystery,https://www.gutenberg.org/ebooks/10624,Three John Silence Stories,
Crime_Mystery,https://www.gutenberg.org/ebooks/449,"Pathology of Lying, Accusation, and Swindling: A Study in Forensic Psychology",
Crime_Mystery,https://www.gutenberg.org/ebooks/5697,Tales of Chinatown,
Crime_Mystery,https://www.gutenberg.org/ebooks/35819,Lonesome Town,
Crime_Mystery,https://www.gutenberg.org/ebooks/48621,Light-Fingered Gentry,
Crime_Mystery,https://www.gutenberg.org/ebooks/27454,In Her Own Right,
Crime_Mystery,https://www.gutenberg.org/ebooks/45585,The seven curses of London,
Crime_Mystery,https://www.gutenberg.org/ebooks/2752,Martin Guerre,
Crime_Mystery,https://www.gutenberg.org/ebooks/31681,Hand and Ring,
Crime_Mystery,https://www.gutenberg.org/ebooks/73102,The Shore Road mystery,https://en.wikipedia.org/wiki/The_Shore_Road_Mystery
Crime_Mystery,https://www.gutenberg.org/ebooks/4223,The Mystery of a Hansom Cab,https://en.wikipedia.org/wiki/The_Mystery_of_a_Hansom_Cab
Crime_Mystery,https://www.gutenberg.org/ebooks/75642,Feathers left around,
Crime_Mystery,https://www.gutenberg.org/ebooks/47900,The Splendid Outcast,
Crime_Mystery,https://www.gutenberg.org/ebooks/2742,Cenci,
Crime_Mystery,https://www.gutenberg.org/ebooks/21737,"The Garret and the Garden; Or, Low Life High Up",
Crime_Mystery,https://www.gutenberg.org/ebooks/11373,Through the Wall,
Crime_Mystery,https://www.gutenberg.org/ebooks/39417,A Gamble with Life,
Crime_Mystery,https://www.gutenberg.org/ebooks/305,The Count's Millions,
Crime_Mystery,https://www.gutenberg.org/ebooks/12187,The Mystery of 31 New Inn,
Crime_Mystery,https://www.gutenberg.org/ebooks/1167,A Strange Disappearance,
Humor,https://www.gutenberg.org/ebooks/1080,A Modest Proposal,https://en.wikipedia.org/wiki/A_Modest_Proposal
Humor,https://www.gutenberg.org/ebooks/972,The Devil's Dictionary,https://en.wikipedia.org/wiki/The_Devil%27s_Dictionary
Humor,https://www.gutenberg.org/ebooks/56712,The Comic Poems of Thomas Hood,
Humor,https://www.gutenberg.org/ebooks/24434,"The Wit and Humor of America, Volume X (of X)",
Humor,https://www.gutenberg.org/ebooks/3178,The Gilded Age: A Tale of Today,https://en.wikipedia.org/wiki/The_Gilded_Age:_A_Tale_of_Today
Humor,https://www.gutenberg.org/ebooks/12030,"The Spectator, Volumes 1, 2 and 3",
Humor,https://www.gutenberg.org/ebooks/4352,Laughter: An Essay on the Meaning of the Comic,https://en.wikipedia.org/wiki/Laughter_(book)
Humor,https://www.gutenberg.org/ebooks/28488,"Tartuffe; Or, The Hypocrite",https://en.wikipedia.org/wiki/Tartuffe
Humor,https://www.gutenberg.org/ebooks/6410,Once Aboard the Lugger-- The History of George and his Mary,
Humor,https://www.gutenberg.org/ebooks/9070,The Imaginary Invalid,https://en.wikipedia.org/wiki/The_Imaginary_Invalid
Humor,https://www.gutenberg.org/ebooks/17161,Max und Moritz: Eine Bubengeschichte in sieben Streichen (German),https://en.wikipedia.org/wiki/Max_and_Moritz
Humor,https://www.gutenberg.org/ebooks/19506,A Connecticut Yankee in King Arthur's Court,https://en.wikipedia.org/wiki/A_Connecticut_Yankee_in_King_Arthur%27s_Court
Humor,https://www.gutenberg.org/ebooks/6923,The Miser,https://en.wikipedia.org/wiki/The_Miser
Humor,https://www.gutenberg.org/ebooks/1051,Sartor Resartus: The Life and Opinions of Herr Teufelsdröckh,https://en.wikipedia.org/wiki/Sartor_Resartus
Humor,https://www.gutenberg.org/ebooks/2643,The History of John Bull,
Humor,https://www.gutenberg.org/ebooks/1156,Babbitt,https://en.wikipedia.org/wiki/Babbitt_(novel)
Humor,https://www.gutenberg.org/ebooks/10554,"Right Ho, Jeeves","https://en.wikipedia.org/wiki/Right_Ho,_Jeeves"
Humor,https://www.gutenberg.org/ebooks/21517,The Diary of a Nobody,https://en.wikipedia.org/wiki/The_Diary_of_a_Nobody
Humor,https://www.gutenberg.org/ebooks/10947,The Best American Humorous Short Stories,
Humor,https://www.gutenberg.org/ebooks/3189,Sketches New and Old,https://en.wikipedia.org/wiki/Sketches_New_and_Old
Humor,https://www.gutenberg.org/ebooks/33717,"Punch, or the London Charivari, Vol. 93. September 17, 1887",
Humor,https://www.gutenberg.org/ebooks/26303,"Right Ho, Jeeves","https://en.wikipedia.org/wiki/Right_Ho,_Jeeves"
Humor,https://www.gutenberg.org/ebooks/75943,"Melincourt :  or, Sir Oran Haut-Ton",https://en.wikipedia.org/wiki/Melincourt_(novel)
Humor,https://www.gutenberg.org/ebooks/19682,Chapters from My Autobiography,https://en.wikipedia.org/wiki/Chapters_from_My_Autobiography
Humor,https://www.gutenberg.org/ebooks/26203,The Adventures of Tom Sawyer,https://en.wikipedia.org/wiki/The_Adventures_of_Tom_Sawyer
Humor,https://www.gutenberg.org/ebooks/19686,Crome Yellow,https://en.wikipedia.org/wiki/Crome_Yellow
Humor,https://www.gutenberg.org/ebooks/7100,"Adventures of Huckleberry Finn, Chapters 01 to 05",https://en.wikipedia.org/wiki/Adventures_of_Huckleberry_Finn
Humor,https://www.gutenberg.org/ebooks/7193,"The Adventures of Tom Sawyer, Part 1.",https://en.wikipedia.org/wiki/The_Adventures_of_Tom_Sawyer
Humor,https://www.gutenberg.org/ebooks/9611,"Joseph Andrews, Vol. 1",https://en.wikipedia.org/wiki/Joseph_Andrews
Humor,https://www.gutenberg.org/ebooks/6053,"Evelina, Or, the History of a Young Lady's Entrance into the World",
Humor,https://www.gutenberg.org/ebooks/119,A Tramp Abroad,https://en.wikipedia.org/wiki/A_Tramp_Abroad
Humor,https://www.gutenberg.org/ebooks/3008,"The Jargon File, Version 4.2.2, 20 Aug 2000",https://en.wikipedia.org/wiki/Jargon_File
Humor,https://www.gutenberg.org/ebooks/18948,Damn! A Book of Calumny,
Humor,https://www.gutenberg.org/ebooks/75957,Petunia again :  Sketches,
Humor,https://www.gutenberg.org/ebooks/59254,The Inimitable Jeeves,https://en.wikipedia.org/wiki/The_Inimitable_Jeeves
Humor,https://www.gutenberg.org/ebooks/28919,Frenzied Fiction,
Humor,https://www.gutenberg.org/ebooks/2517,Lincoln's yarns and stories :  A complete collection of the funny and witty anecdotes that made Lincoln famous as America's greatest story teller,
Humor,https://www.gutenberg.org/ebooks/26579,Love Among the Chickens,https://en.wikipedia.org/wiki/Love_Among_the_Chickens
Humor,https://www.gutenberg.org/ebooks/76013,"Honesty the best policy :  or, The history of Roger",
Humor,https://www.gutenberg.org/ebooks/23658,"Punch, or the London Charivari, Vol. 147, July 15, 1914",
Humor,https://www.gutenberg.org/ebooks/623,"The Battle of the Books, and other Short Pieces",https://en.wikipedia.org/wiki/The_Battle_of_the_Books
Humor,https://www.gutenberg.org/ebooks/21157,Queen Lucia,https://en.wikipedia.org/wiki/Queen_Lucia
Humor,https://www.gutenberg.org/ebooks/70544,"Parodies of the works of English & American authors, vol. II",
Humor,https://www.gutenberg.org/ebooks/2183,Three men on the bummel,https://en.wikipedia.org/wiki/Three_Men_on_the_Bummel
Humor,https://www.gutenberg.org/ebooks/75972,X... Roman impromptu (French),https://fr.wikipedia.org/wiki/X..._roman_impromptu
Humor,https://www.gutenberg.org/ebooks/26228,Candide,https://en.wikipedia.org/wiki/Candide
Humor,https://www.gutenberg.org/ebooks/20026,Fables for the Frivolous,https://en.wikipedia.org/wiki/Fables_for_the_Frivolous
Humor,https://www.gutenberg.org/ebooks/269,Beasts and Super-Beasts,https://en.wikipedia.org/wiki/Beasts_and_Super-Beasts
Humor,https://www.gutenberg.org/ebooks/36702,Verse and Worse,
Humor,https://www.gutenberg.org/ebooks/8486,Ghost Stories of an Antiquary,https://en.wikipedia.org/wiki/Ghost_Stories_of_an_Antiquary
Humor,https://www.gutenberg.org/ebooks/30726,Cole's Funny Picture Book No. 1,https://en.wikipedia.org/wiki/Cole%27s_Funny_Picture_Book
Humor,https://www.gutenberg.org/ebooks/982,The Book of Nonsense,
Humor,https://www.gutenberg.org/ebooks/1213,The Man That Corrupted Hadleyburg,https://en.wikipedia.org/wiki/The_Man_That_Corrupted_Hadleyburg
Humor,https://www.gutenberg.org/ebooks/13645,"The Tatler, Volume 1",https://en.wikipedia.org/wiki/The_Tatler_(1709_journal)
Humor,https://www.gutenberg.org/ebooks/3020,Table Talk: Essays on Men and Manners,https://en.wikipedia.org/wiki/Table-Talk
Humor,https://www.gutenberg.org/ebooks/3250,"How to Tell a Story, and Other Essays",
Humor,https://www.gutenberg.org/ebooks/65974,"Carry On, Jeeves","https://en.wikipedia.org/wiki/Carry_On,_Jeeves"
Humor,https://www.gutenberg.org/ebooks/14922,"Punch, or the London Charivari, Volume 1, August 7, 1841",
Humor,https://www.gutenberg.org/ebooks/774,Essays and Lectures,
Humor,https://www.gutenberg.org/ebooks/26466,Idle Thoughts of an Idle Fellow,https://en.wikipedia.org/wiki/Idle_Thoughts_of_an_Idle_Fellow
Humor,https://www.gutenberg.org/ebooks/25951,Fragments from France,
Humor,https://www.gutenberg.org/ebooks/21816,The Confidence-Man: His Masquerade,https://en.wikipedia.org/wiki/The_Confidence-Man
Humor,https://www.gutenberg.org/ebooks/23899,Psmith in the City,https://en.wikipedia.org/wiki/Psmith_in_the_City
Humor,https://www.gutenberg.org/ebooks/8164,My Man Jeeves,https://en.wikipedia.org/wiki/My_Man_Jeeves
Humor,https://www.gutenberg.org/ebooks/28837,Three Men in a Boat (To Say Nothing of the Dog),https://en.wikipedia.org/wiki/Three_Men_in_a_Boat
Humor,https://www.gutenberg.org/ebooks/14093,"Punch, or the London Charivari, Volume 152, January 24, 1917",
Humor,https://www.gutenberg.org/ebooks/4558,Barry Lyndon,https://en.wikipedia.org/wiki/The_Luck_of_Barry_Lyndon
Humor,https://www.gutenberg.org/ebooks/9960,"Punchinello, Volume 1, No. 06, May 7, 1870",https://en.wikipedia.org/wiki/Punchinello
Humor,https://www.gutenberg.org/ebooks/3154,The Surprising Adventures of Baron Munchausen,https://en.wikipedia.org/wiki/Baron_Munchausen
Humor,https://www.gutenberg.org/ebooks/22340,The Wind in the Willows,https://en.wikipedia.org/wiki/The_Wind_in_the_Willows
Humor,https://www.gutenberg.org/ebooks/6122,Tobogganing on Parnassus,
Humor,https://www.gutenberg.org/ebooks/4650,"Candide, ou l'optimisme (French)",https://en.wikipedia.org/wiki/Candide
Humor,https://www.gutenberg.org/ebooks/26462,The Foolish Dictionary,
Humor,https://www.gutenberg.org/ebooks/13650,Nonsense Books,
Humor,https://www.gutenberg.org/ebooks/61522,"The £1,000,000 bank-note, and other new stories","https://en.wikipedia.org/wiki/The_%C2%A31,000,000_Bank_Note_and_Other_New_Stories"
Humor,https://www.gutenberg.org/ebooks/142,"The $30,000 Bequest, and Other Stories","https://en.wikipedia.org/wiki/The_$30,000_Bequest_and_Other_Stories"
Humor,https://www.gutenberg.org/ebooks/14921,"Punch, or the London Charivari. Volume 1, July 31, 1841",
Humor,https://www.gutenberg.org/ebooks/23080,The Devil's Dictionary,https://en.wikipedia.org/wiki/The_Devil%27s_Dictionary
Humor,https://www.gutenberg.org/ebooks/12444,"Toaster's Handbook: Jokes, Stories, and Quotations",
Humor,https://www.gutenberg.org/ebooks/1999,Crome Yellow,https://en.wikipedia.org/wiki/Crome_Yellow
Humor,https://www.gutenberg.org/ebooks/1026,The Diary of a Nobody,https://en.wikipedia.org/wiki/The_Diary_of_a_Nobody
Humor,https://www.gutenberg.org/ebooks/23344,The Magic Fishbone,
Humor,https://www.gutenberg.org/ebooks/32596,The Revolt of the Angels,https://en.wikipedia.org/wiki/The_Revolt_of_the_Angels
Humor,https://www.gutenberg.org/ebooks/23726,"Punch, or the London Charivari, Vol. 146, March 11, 1914",
Humor,https://www.gutenberg.org/ebooks/3688,The Chronicles of Clovis,https://en.wikipedia.org/wiki/The_Chronicles_of_Clovis
Humor,https://www.gutenberg.org/ebooks/6946,The Complete Works of Artemus Ward (HTML edition),
Humor,https://www.gutenberg.org/ebooks/10001,Apocolocyntosis,https://en.wikipedia.org/wiki/Apocolocyntosis
Humor,https://www.gutenberg.org/ebooks/21146,Love Conquers All,
Humor,https://www.gutenberg.org/ebooks/59236,"The Ingoldsby Legends; or, Mirth and Marvels",https://en.wikipedia.org/wiki/The_Ingoldsby_Legends
Humor,https://www.gutenberg.org/ebooks/3190,1601: Conversation as it was by the Social Fireside in the Time of the Tudors,https://en.wikipedia.org/wiki/1601_(Mark_Twain)
Humor,https://www.gutenberg.org/ebooks/20001,"The English Spy: An Original Work Characteristic, Satirical, And Humorous.",
Humor,https://www.gutenberg.org/ebooks/60067,Leave it to Psmith,https://en.wikipedia.org/wiki/Leave_It_to_Psmith
Humor,https://www.gutenberg.org/ebooks/17216,"Punch, or the London Charivari, Volume 1, Complete",
Humor,https://www.gutenberg.org/ebooks/2948,Where Angels Fear to Tread,
Humor,https://www.gutenberg.org/ebooks/21084,Jokes For All Occasions,
Humor,https://www.gutenberg.org/ebooks/9730,The Pickwick Papers,https://en.wikipedia.org/wiki/The_Pickwick_Papers
Humor,https://www.gutenberg.org/ebooks/7471,"The Man with Two Left Feet, and Other Stories",https://en.wikipedia.org/wiki/The_Man_with_Two_Left_Feet
Humor,https://www.gutenberg.org/ebooks/19987,Chapters from My Autobiography,https://en.wikipedia.org/wiki/Chapters_from_My_Autobiography
Humor,https://www.gutenberg.org/ebooks/54829,Memorias Posthumas de Braz Cubas (Portuguese),https://en.wikipedia.org/wiki/The_Posthumous_Memoirs_of_Br%C3%A1s_Cubas
Humor,https://www.gutenberg.org/ebooks/30165,Die Abenteuer Tom Sawyers (German),https://en.wikipedia.org/wiki/The_Adventures_of_Tom_Sawyer
Humor,https://www.gutenberg.org/ebooks/15338,"More toasts: Jokes, stories and quotations",
Humor,https://www.gutenberg.org/ebooks/804,A Sentimental Journey Through France and Italy,https://en.wikipedia.org/wiki/A_Sentimental_Journey_Through_France_and_Italy
Humor,https://www.gutenberg.org/ebooks/11505,All Things Considered,
Humor,https://www.gutenberg.org/ebooks/25041,Humour of the North,
Humor,https://www.gutenberg.org/ebooks/52598,"Conundrums, Riddles and Puzzles",
Humor,https://www.gutenberg.org/ebooks/24157,"Punch, or the London Charivari, May 27, 1914",
Humor,https://www.gutenberg.org/ebooks/70546,"Parodies of the works of English & American authors, vol. IV",
Humor,https://www.gutenberg.org/ebooks/21427,Comic History of the United States,
Humor,https://www.gutenberg.org/ebooks/16205,"The Physiology of Marriage, Complete",
Humor,https://www.gutenberg.org/ebooks/38944,"Punch, or the London Charivari, Vol. 150, June 28th, 1916",
Humor,https://www.gutenberg.org/ebooks/22341,The Wind in the Willows,https://en.wikipedia.org/wiki/The_Wind_in_the_Willows
Humor,https://www.gutenberg.org/ebooks/26950,Humorous Ghost Stories,
Humor,https://www.gutenberg.org/ebooks/75917,"A la pagaïe :  sur l'Escaut, le canal de Willebroeck, la Sambre et l'Oise (French)",
Humor,https://www.gutenberg.org/ebooks/50401,"The Choice Humorous Works, Ludicrous Adventures, Bons Mots, Puns, and Hoaxes of Theodore Hook",
Humor,https://www.gutenberg.org/ebooks/849,The Idle Thoughts of an Idle Fellow,https://en.wikipedia.org/wiki/Idle_Thoughts_of_an_Idle_Fellow
Humor,https://www.gutenberg.org/ebooks/34414,Just—William,https://en.wikipedia.org/wiki/Just_William
Humor,https://www.gutenberg.org/ebooks/21196,"Little Masterpieces of American Wit and Humor, Volume I",
Humor,https://www.gutenberg.org/ebooks/12245,The Defendant,
Humor,https://www.gutenberg.org/ebooks/20628,Torchy and Vee,
Humor,https://www.gutenberg.org/ebooks/4737,A Tale of a Tub,https://en.wikipedia.org/wiki/A_Tale_of_a_Tub
Humor,https://www.gutenberg.org/ebooks/17596,"Punch, or the London Charivari, Volume 159, July 21, 1920",
Humor,https://www.gutenberg.org/ebooks/28092,"Punch or the London Charivari, Vol. 147, October 7, 1914",
Humor,https://www.gutenberg.org/ebooks/38899,"Punch, or the London Charivari, Vol. 150, June 21st, 1916",
Humor,https://www.gutenberg.org/ebooks/7464,The Adventures of Sally,https://en.wikipedia.org/wiki/The_Adventures_of_Sally
Humor,https://www.gutenberg.org/ebooks/38683,Mr. Punch's Golf Stories,
Humor,https://www.gutenberg.org/ebooks/48405,"Mr. Punch's History of Modern England, Vol. 4 (of 4).—1892-1914",
Humor,https://www.gutenberg.org/ebooks/9885,"Punchinello, Volume 1, No. 17, July 23, 1870",
Humor,https://www.gutenberg.org/ebooks/23518,"Punch, or the London Charivari, Vol. 158, 1920-05-05",
Humor,https://www.gutenberg.org/ebooks/9040,A Tramp Abroad,https://en.wikipedia.org/wiki/A_Tramp_Abroad
Humor,https://www.gutenberg.org/ebooks/31281,500 Rätsel und Rätselscherze für jung und alt (German),
Humor,https://www.gutenberg.org/ebooks/18464,"The Wit and Humor of America, Volume I. (of X.)",
Humor,https://www.gutenberg.org/ebooks/29363,Henry Esmond; The English Humourists; The Four Georges,
Humor,https://www.gutenberg.org/ebooks/18734,"The Wit and Humor of America, Volume III. (of X.)",
Humor,https://www.gutenberg.org/ebooks/52204,"The Comic Almanack, Volume 2",
Humor,https://www.gutenberg.org/ebooks/2175,You Never Can Tell,https://en.wikipedia.org/wiki/You_Never_Can_Tell_(play)
Humor,https://www.gutenberg.org/ebooks/45090,"Punch, or the London Charivari, Volume 108, February 23, 1895",
Humor,https://www.gutenberg.org/ebooks/70987,"The comic history of the United States, from a period prior to the discovery of America to times long subsequent to the present",
Humor,https://www.gutenberg.org/ebooks/68473,War cartoons,
Humor,https://www.gutenberg.org/ebooks/31138,The So-called Human Race,
Humor,https://www.gutenberg.org/ebooks/18906,"History of English Humour, Vol. 2",
Humor,https://www.gutenberg.org/ebooks/1044,Extract from Captain Stormfield's Visit to Heaven,https://en.wikipedia.org/wiki/Extract_from_Captain_Stormfield%27s_Visit_to_Heaven
Humor,https://www.gutenberg.org/ebooks/5836,"Sketches New and Old, Part 1.",https://en.wikipedia.org/wiki/Sketches_New_and_Old
Humor,https://www.gutenberg.org/ebooks/19350,"Punch, or the London Charivari, Volume 159, December 22, 1920",
Humor,https://www.gutenberg.org/ebooks/26640,The Humbugs of the World,
Humor,https://www.gutenberg.org/ebooks/22495,The New Pun Book,
Humor,https://www.gutenberg.org/ebooks/23972,The Book of Humorous Verse,
Humor,https://www.gutenberg.org/ebooks/43504,The True History of Tom & Jerry,
Humor,https://www.gutenberg.org/ebooks/68604,Europe and elsewhere,
Humor,https://www.gutenberg.org/ebooks/2686,The Book of Snobs,https://en.wikipedia.org/wiki/The_Book_of_Snobs
Humor,https://www.gutenberg.org/ebooks/9609,"Joseph Andrews, Vol. 2",https://en.wikipedia.org/wiki/Joseph_Andrews
Humor,https://www.gutenberg.org/ebooks/26293,The Wind in the Willows,https://en.wikipedia.org/wiki/The_Wind_in_the_Willows
Humor,https://www.gutenberg.org/ebooks/13260,Droll Stories — Complete,https://en.wikipedia.org/wiki/Les_Cent_Contes_drolatiques
Humor,https://www.gutenberg.org/ebooks/25685,"Punch, or the London Charivari Volume 98, January 4, 1890",
Humor,https://www.gutenberg.org/ebooks/402,Penrod,https://en.wikipedia.org/wiki/Penrod
Humor,https://www.gutenberg.org/ebooks/22940,"Punch, or the London Charivari, Vol. 146, April 15, 1914",
Humor,https://www.gutenberg.org/ebooks/24595,Cobb's Bill-of-Fare,
Humor,https://www.gutenberg.org/ebooks/18465,"The Wit and Humor of America, Volume II. (of X.)",
Humor,https://www.gutenberg.org/ebooks/25010,"Punch, or the London Charivari, Vol. 146, April 29, 1914",
Humor,https://www.gutenberg.org/ebooks/38,"The Jargon File, Version 2.9.10, 01 Jul 1992",https://en.wikipedia.org/wiki/Jargon_File
Humor,https://www.gutenberg.org/ebooks/70545,"Parodies of the works of English & American authors, vol. III",
Humor,https://www.gutenberg.org/ebooks/68811,"Black no more :  Being an account of the strange and wonderful workings of science in the land of the free, A.D. 1933-1940",https://en.wikipedia.org/wiki/Black_No_More
Humor,https://www.gutenberg.org/ebooks/22612,"Punch, or the London Charivari, Vol. 150, January 26, 1916",
Humor,https://www.gutenberg.org/ebooks/75435,Fish preferred,https://en.wikipedia.org/wiki/Summer_Lightning
Humor,https://www.gutenberg.org/ebooks/2027,"Tartuffe; Or, The Hypocrite",https://en.wikipedia.org/wiki/Tartuffe
Humor,https://www.gutenberg.org/ebooks/15585,Humorous Masterpieces from American Literature,
Humor,https://www.gutenberg.org/ebooks/16281,"Punch, or the London Charivari, Vol. 158, 1920-01-28",
Humor,https://www.gutenberg.org/ebooks/33366,"Punch, or the London Charivari, Vol. 98, June 14 1890",
Humor,https://www.gutenberg.org/ebooks/47300,"Mr. Punch's History of Modern England, Vol. 3 (of 4).—1874-1892",
Humor,https://www.gutenberg.org/ebooks/40266,The Punster's Pocket-book,
Humor,https://www.gutenberg.org/ebooks/26012,"Punch, or the London Charivari, Vol. 147, August 5th, 1914",
Humor,https://www.gutenberg.org/ebooks/26226,The Importance of Being Earnest,https://en.wikipedia.org/wiki/The_Importance_of_Being_Earnest
Humor,https://www.gutenberg.org/ebooks/9038,The Adventures of Tom Sawyer,https://en.wikipedia.org/wiki/The_Adventures_of_Tom_Sawyer
Humor,https://www.gutenberg.org/ebooks/9544,"Punchinello, Volume 1, No. 10, June 4, 1870",
Humor,https://www.gutenberg.org/ebooks/21415,"The Young Visiters or, Mr. Salteena's Plan",https://en.wikipedia.org/wiki/The_Young_Visiters
Humor,https://www.gutenberg.org/ebooks/67369,Hadrian the Seventh,https://en.wikipedia.org/wiki/Hadrian_the_Seventh
Humor,https://www.gutenberg.org/ebooks/71712,The humour of Italy,
Humor,https://www.gutenberg.org/ebooks/70547,"Parodies of the works of English & American authors, vol. V",
Humor,https://www.gutenberg.org/ebooks/3695,Every Man out of His Humour,https://en.wikipedia.org/wiki/Every_Man_out_of_His_Humour
Humor,https://www.gutenberg.org/ebooks/1989,The Foolish Dictionary,
Humor,https://www.gutenberg.org/ebooks/5265,The Ball and the Cross,https://en.wikipedia.org/wiki/The_Ball_and_the_Cross
Humor,https://www.gutenberg.org/ebooks/4709,Brewster's Millions,https://en.wikipedia.org/wiki/Brewster%27s_Millions
Humor,https://www.gutenberg.org/ebooks/3828,Simon the Jester,
Humor,https://www.gutenberg.org/ebooks/69421,The humour of Germany,
Humor,https://www.gutenberg.org/ebooks/24131,Xingu,
Humor,https://www.gutenberg.org/ebooks/3251,"The Man That Corrupted Hadleyburg, and Other Stories",
Humor,https://www.gutenberg.org/ebooks/16592,"Punch, or the London Charivari, Volume 159, July 14th, 1920",
Humor,https://www.gutenberg.org/ebooks/16364,"Punch, or the London Charivari, Vol. 158, 1920-03-10",
Humor,https://www.gutenberg.org/ebooks/45980,Rowlandson the Caricaturist; a Selection from His Works. Vol. 1,
Humor,https://www.gutenberg.org/ebooks/2615,Discourses on Satire and on Epic Poetry,
Humor,https://www.gutenberg.org/ebooks/64502,Életemből (II. rész) (Hungarian),
Humor,https://www.gutenberg.org/ebooks/16957,Mr. Sponge's Sporting Tour,
Humor,https://www.gutenberg.org/ebooks/32352,Punch - Volume 25 (Jul-Dec 1853),
Humor,https://www.gutenberg.org/ebooks/11625,The Wrong Twin,
Humor,https://www.gutenberg.org/ebooks/32325,The Adventures of Huckleberry Finn (Tom Sawyer's Comrade),https://en.wikipedia.org/wiki/Adventures_of_Huckleberry_Finn
Humor,https://www.gutenberg.org/ebooks/70548,"Parodies of the works of English & American authors, vol. VI",
Humor,https://www.gutenberg.org/ebooks/7103,"Adventures of Huckleberry Finn, Chapters 16 to 20",https://en.wikipedia.org/wiki/Adventures_of_Huckleberry_Finn
Humor,https://www.gutenberg.org/ebooks/23625,The Magic Pudding,https://en.wikipedia.org/wiki/The_Magic_Pudding
Humor,https://www.gutenberg.org/ebooks/8220,Remarks,
Humor,https://www.gutenberg.org/ebooks/37657,The Comic History of Rome,https://en.wikipedia.org/wiki/The_Comic_History_of_Rome
Humor,https://www.gutenberg.org/ebooks/45981,Rowlandson the Caricaturist; a Selection from His Works. Vol. 2,
Humor,https://www.gutenberg.org/ebooks/23449,"Behind the Beyond, and Other Contributions to Human Knowledge",
Humor,https://www.gutenberg.org/ebooks/64229,A Century of Parody and Imitation,
Humor,https://www.gutenberg.org/ebooks/27440,"Punch, or the London Charivari, Vol. 147, September 16, 1914",
Humor,https://www.gutenberg.org/ebooks/26481,The Romance of Mathematics,
Humor,https://www.gutenberg.org/ebooks/41595,The Funny Side of Physic,
Humor,https://www.gutenberg.org/ebooks/14920,"Punch, or the London Charivari, Volume 1, July 24, 1841",
Humor,https://www.gutenberg.org/ebooks/7195,"The Adventures of Tom Sawyer, Part 3.",https://en.wikipedia.org/wiki/List_of_Tom_Sawyer_characters
Humor,https://www.gutenberg.org/ebooks/66294,The Seven Lively Arts,
Humor,https://www.gutenberg.org/ebooks/20375,Watch Yourself Go By,
Humor,https://www.gutenberg.org/ebooks/6768,The Man Upstairs and Other Stories,https://en.wikipedia.org/wiki/The_Man_Upstairs_(short_story_collection)
Humor,https://www.gutenberg.org/ebooks/11201,"Punch, or the London Charivari, Volume 156, March 5, 1919",
Humor,https://www.gutenberg.org/ebooks/44860,The Comic History of England,
Humor,https://www.gutenberg.org/ebooks/14926,"Punch, or the London Charivari, Volume 1, September 5, 1841",
Humor,https://www.gutenberg.org/ebooks/52203,"The Comic Almanack, Volume 1",
Humor,https://www.gutenberg.org/ebooks/50874,"Humour, Wit, & Satire of the Seventeenth Century",
Humor,https://www.gutenberg.org/ebooks/20352,The Jest Book,
Humor,https://www.gutenberg.org/ebooks/66829,"""Gentlemen prefer blondes"" :  The illuminating diary of a professional lady",https://en.wikipedia.org/wiki/Gentlemen_Prefer_Blondes_(novel)
Humor,https://www.gutenberg.org/ebooks/2004,Pigs is Pigs,https://en.wikipedia.org/wiki/Pigs_Is_Pigs
Humor,https://www.gutenberg.org/ebooks/42799,"The Gay Gnani of Gingalee; or, Discords of Devolution",
Humor,https://www.gutenberg.org/ebooks/6340,Literary Lapses,
Humor,https://www.gutenberg.org/ebooks/56949,The Humour of America,
Humor,https://www.gutenberg.org/ebooks/64501,Életemből (I. rész) (Hungarian),
Humor,https://www.gutenberg.org/ebooks/7194,"The Adventures of Tom Sawyer, Part 2.",https://en.wikipedia.org/wiki/The_Adventures_of_Tom_Sawyer
Humor,https://www.gutenberg.org/ebooks/13927,"Punch, or the London Charivari, Volume 156, January 29, 1919",
Humor,https://www.gutenberg.org/ebooks/2042,Something New,https://en.wikipedia.org/wiki/Something_Fresh
Humor,https://www.gutenberg.org/ebooks/47528,A Satire Anthology,
Humor,https://www.gutenberg.org/ebooks/5785,A Tramp Abroad — Volume 04,https://en.wikipedia.org/wiki/A_Tramp_Abroad
Humor,https://www.gutenberg.org/ebooks/3469,The Hand of Ethelberta: A Comedy in Chapters,
Humor,https://www.gutenberg.org/ebooks/7423,Mike,https://en.wikipedia.org/wiki/Mike_(novel)
Humor,https://www.gutenberg.org/ebooks/6837,The Little Warrior,https://en.wikipedia.org/wiki/Jill_the_Reckless
Humor,https://www.gutenberg.org/ebooks/24095,"Punch, or the London Charivari, Vol. 158, 1920-05-12",
Humor,https://www.gutenberg.org/ebooks/9909,Nightmare Abbey,https://en.wikipedia.org/wiki/Nightmare_Abbey
Humor,https://www.gutenberg.org/ebooks/22688,"Punch, or the London Charivari, Vol. 150, March 29, 1916",
Humor,https://www.gutenberg.org/ebooks/7028,The Clicking of Cuthbert,https://en.wikipedia.org/wiki/The_Clicking_of_Cuthbert
Humor,https://www.gutenberg.org/ebooks/50926,"Récréations littéraires, curiosités et singularités, bévues et lapsus, etc. (French)",https://fr.wikipedia.org/wiki/R%C3%A9cr%C3%A9ations_litt%C3%A9raires
Humor,https://www.gutenberg.org/ebooks/28847,Max and Maurice: A Juvenile History in Seven Tricks,https://en.wikipedia.org/wiki/Max_and_Moritz
Humor,https://www.gutenberg.org/ebooks/58661,Histoire de la caricature au moyen âge et sous la renaissance (French),
Humor,https://www.gutenberg.org/ebooks/28360,"Punch, or the London Charivari, Vol. 147, October 14, 1914",
Humor,https://www.gutenberg.org/ebooks/9007,Adventures of Huckleberry Finn,https://en.wikipedia.org/wiki/Adventures_of_Huckleberry_Finn
Humor,https://www.gutenberg.org/ebooks/1805,The Gentle Grafter,
Humor,https://www.gutenberg.org/ebooks/22989,"Punch, or the London Charivari, Vol. 146, April 1, 1914",
Humor,https://www.gutenberg.org/ebooks/6647,Der Zerbrochene Krug (German),https://en.wikipedia.org/wiki/The_Broken_Jug
Humor,https://www.gutenberg.org/ebooks/858,Stage-Land,
Humor,https://www.gutenberg.org/ebooks/3694,Every Man in His Humour,https://en.wikipedia.org/wiki/Every_Man_in_His_Humour
Humor,https://www.gutenberg.org/ebooks/13252,"Punch, or the London Charivari, Volume 100, February 14, 1891",
Humor,https://www.gutenberg.org/ebooks/12536,"Punch, or the London Charivari, Volume 146, January 14, 1914",
Humor,https://www.gutenberg.org/ebooks/47535,"The Posthumous Papers of the Pickwick Club, v. 2 (of 2)",https://en.wikipedia.org/wiki/The_Pickwick_Papers
Humor,https://www.gutenberg.org/ebooks/38794,"Punch, or the London Charivari, Vol. 146, March 4th 1914",
Humor,https://www.gutenberg.org/ebooks/75107,"Sketch of the Analytical Engine invented by Charles Babbage, Esq.",
Humor,https://www.gutenberg.org/ebooks/32898,The Handbook of Conundrums,
Humor,https://www.gutenberg.org/ebooks/29454,"Punch or the London Charivari, Vol. 147, November 25, 1914",
Humor,https://www.gutenberg.org/ebooks/179,The Europeans,https://en.wikipedia.org/wiki/The_Europeans
Humor,https://www.gutenberg.org/ebooks/43326,"Joe Miller's Jests, with Copious Additions",
Humor,https://www.gutenberg.org/ebooks/63244,Les Jeunes-France: romans goguenards; suivis de Contes humoristiques (French),
Humor,https://www.gutenberg.org/ebooks/22941,"Punch, or the London Charivari, Vol. 150, May 3, 1916",
Humor,https://www.gutenberg.org/ebooks/46700,A Parody Anthology,
Humor,https://www.gutenberg.org/ebooks/374,Fantastic Fables,
Humor,https://www.gutenberg.org/ebooks/24432,"The Wit and Humor of America, Volume VIII (of X)",
Humor,https://www.gutenberg.org/ebooks/20717,The Girl on the Boat,https://en.wikipedia.org/wiki/The_Girl_on_the_Boat
Humor,https://www.gutenberg.org/ebooks/43702,The Adventures of a Modest Man,
Humor,https://www.gutenberg.org/ebooks/39726,"The Rolliad, in Two Parts",https://en.wikipedia.org/wiki/Rolliad
Humor,https://www.gutenberg.org/ebooks/52986,"Deutsche Humoristen, 4. und 5. Band (von 8) (German)",
Humor,https://www.gutenberg.org/ebooks/61521,The Modern Traveller,
Humor,https://www.gutenberg.org/ebooks/3179,The American Claimant,https://en.wikipedia.org/wiki/The_American_Claimant
Humor,https://www.gutenberg.org/ebooks/15605,"Punch, or the London Charivari, Volume 103, October 29, 1892",
Humor,https://www.gutenberg.org/ebooks/14455,"Punch, or the London Charivari, Volume 152, March 21, 1917",
Humor,https://www.gutenberg.org/ebooks/19508,A Modest Proposal,https://en.wikipedia.org/wiki/A_Modest_Proposal
Humor,https://www.gutenberg.org/ebooks/15973,"Punch, or the London Charivari, Volume 103, November 26, 1892",
Humor,https://www.gutenberg.org/ebooks/66971,William—the fourth,
Humor,https://www.gutenberg.org/ebooks/29217,"Punch or the London Charivari, Vol. 147, July 8, 1914",
Humor,https://www.gutenberg.org/ebooks/49913,Nine Unlikely Tales,
Humor,https://www.gutenberg.org/ebooks/19325,"The Wit and Humor of America, Volume VII. (of X.)",
Humor,https://www.gutenberg.org/ebooks/9450,"Samantha Among the Brethren, Complete",
Humor,https://www.gutenberg.org/ebooks/24265,"Punch, or the London Charivari, Vol. 146, February 4, 1914",
Humor,https://www.gutenberg.org/ebooks/17125,More William,https://en.wikipedia.org/wiki/More_William
Humor,https://www.gutenberg.org/ebooks/9151,Ruggles of Red Gap,
Humor,https://www.gutenberg.org/ebooks/58522,Sexueele Zeden in Woord en Beeld: De Humor in het Geslachtsleven (Dutch),
Humor,https://www.gutenberg.org/ebooks/60483,Antic Hay,https://en.wikipedia.org/wiki/Antic_Hay
Humor,https://www.gutenberg.org/ebooks/31028,"Punch, or the London Charivari, Vol. 158, May 26, 1920",
Humor,https://www.gutenberg.org/ebooks/29456,The Comic Latin Grammar: A new and facetious introduction to the Latin tongue,
Humor,https://www.gutenberg.org/ebooks/2987,"Mark Twain: A Biography. Volume III, Part 2: 1907-1910",
