Genre,URL,Titre
Fiction,https://www.gutenberg.org/ebooks/84,"Frankenstein; Or, The Modern Prometheus"
Fiction,https://www.gutenberg.org/ebooks/2701,"Moby Dick; Or, The Whale"
Fiction,https://www.gutenberg.org/ebooks/1342,Pride and Prejudice
Fiction,https://www.gutenberg.org/ebooks/1513,Romeo and Juliet
Fiction,https://www.gutenberg.org/ebooks/11,Alice's Adventures in Wonderland
Fiction,https://www.gutenberg.org/ebooks/2542,A Doll's House : a play
Fiction,https://www.gutenberg.org/ebooks/64317,The Great Gatsby
Fiction,https://www.gutenberg.org/ebooks/844,The Importance of Being Earnest: A Trivial Comedy for Serious People
Fiction,https://www.gutenberg.org/ebooks/100,The Complete Works of William Shakespeare
Fiction,https://www.gutenberg.org/ebooks/145,Middlemarch
Fiction,https://www.gutenberg.org/ebooks/43,The Strange Case of Dr. Jekyll and Mr. Hyde
Fiction,https://www.gutenberg.org/ebooks/2641,A Room with a View
Fiction,https://www.gutenberg.org/ebooks/37106,"Little Women; Or, Meg, Jo, Beth, and Amy"
Fiction,https://www.gutenberg.org/ebooks/174,The Picture of Dorian Gray
Fiction,https://www.gutenberg.org/ebooks/67979,The Blue Castle: a novel
Fiction,https://www.gutenberg.org/ebooks/16389,The Enchanted April
Fiction,https://www.gutenberg.org/ebooks/2554,Crime and Punishment
Fiction,https://www.gutenberg.org/ebooks/345,Dracula
Fiction,https://www.gutenberg.org/ebooks/394,Cranford
Fiction,https://www.gutenberg.org/ebooks/2160,The Expedition of Humphry Clinker
Fiction,https://www.gutenberg.org/ebooks/6761,The Adventures of Ferdinand Count Fathom — Complete
Fiction,https://www.gutenberg.org/ebooks/1259,Twenty years after
Fiction,https://www.gutenberg.org/ebooks/6593,"History of Tom Jones, a Foundling"
Fiction,https://www.gutenberg.org/ebooks/4085,The Adventures of Roderick Random
Fiction,https://www.gutenberg.org/ebooks/98,A Tale of Two Cities
Fiction,https://www.gutenberg.org/ebooks/1023,Bleak House
Fiction,https://www.gutenberg.org/ebooks/5200,Metamorphosis
Fiction,https://www.gutenberg.org/ebooks/1260,Jane Eyre: An Autobiography
Fiction,https://www.gutenberg.org/ebooks/1400,Great Expectations
Fiction,https://www.gutenberg.org/ebooks/76,Adventures of Huckleberry Finn
Fiction,https://www.gutenberg.org/ebooks/1952,The Yellow Wallpaper
Fiction,https://www.gutenberg.org/ebooks/25344,The Scarlet Letter
Fiction,https://www.gutenberg.org/ebooks/1661,The Adventures of Sherlock Holmes
Fiction,https://www.gutenberg.org/ebooks/28054,The Brothers Karamazov
Fiction,https://www.gutenberg.org/ebooks/41445,"Frankenstein; Or, The Modern Prometheus"
Fiction,https://www.gutenberg.org/ebooks/4300,Ulysses
Fiction,https://www.gutenberg.org/ebooks/45,Anne of Green Gables
Fiction,https://www.gutenberg.org/ebooks/2000,Don Quijote (Spanish)
Fiction,https://www.gutenberg.org/ebooks/1184,The Count of Monte Cristo
Fiction,https://www.gutenberg.org/ebooks/219,Heart of Darkness
Fiction,https://www.gutenberg.org/ebooks/2600,War and Peace
Fiction,https://www.gutenberg.org/ebooks/768,Wuthering Heights
Fiction,https://www.gutenberg.org/ebooks/46,A Christmas Carol in Prose; Being a Ghost Story of Christmas
Fiction,https://www.gutenberg.org/ebooks/74,"The Adventures of Tom Sawyer, Complete"
Fiction,https://www.gutenberg.org/ebooks/36034,White Nights and Other Stories
Fiction,https://www.gutenberg.org/ebooks/8492,The King in Yellow
Fiction,https://www.gutenberg.org/ebooks/2650,Du côté de chez Swann (French)
Fiction,https://www.gutenberg.org/ebooks/135,Les Misérables
Fiction,https://www.gutenberg.org/ebooks/2814,Dubliners
Fiction,https://www.gutenberg.org/ebooks/30254,The Romance of Lust: A classic Victorian erotic novel
Fiction,https://www.gutenberg.org/ebooks/730,Oliver Twist
Fiction,https://www.gutenberg.org/ebooks/514,Little Women
Fiction,https://www.gutenberg.org/ebooks/244,A Study in Scarlet
Fiction,https://www.gutenberg.org/ebooks/120,Treasure Island
Fiction,https://www.gutenberg.org/ebooks/55,The Wonderful Wizard of Oz
Fiction,https://www.gutenberg.org/ebooks/2852,The Hound of the Baskervilles
Fiction,https://www.gutenberg.org/ebooks/10623,Plays
Fiction,https://www.gutenberg.org/ebooks/2148,The Works of Edgar Allan Poe — Volume 2
Fiction,https://www.gutenberg.org/ebooks/1399,Anna Karenina
Fiction,https://www.gutenberg.org/ebooks/829,Gulliver's Travels into Several Remote Nations of the World
Fiction,https://www.gutenberg.org/ebooks/10676,The Reign of Greed
Fiction,https://www.gutenberg.org/ebooks/158,Emma
Fiction,https://www.gutenberg.org/ebooks/31284,Josefine Mutzenbacher (German)
Fiction,https://www.gutenberg.org/ebooks/779,The Tragical History of Doctor Faustus
Fiction,https://www.gutenberg.org/ebooks/996,Don Quixote
Fiction,https://www.gutenberg.org/ebooks/786,Hard Times
Fiction,https://www.gutenberg.org/ebooks/1251,Le Morte d'Arthur: Volume 1
Fiction,https://www.gutenberg.org/ebooks/10007,Carmilla
Fiction,https://www.gutenberg.org/ebooks/41,The Legend of Sleepy Hollow
Fiction,https://www.gutenberg.org/ebooks/110,Tess of the d'Urbervilles: A Pure Woman
Fiction,https://www.gutenberg.org/ebooks/16,Peter Pan
Fiction,https://www.gutenberg.org/ebooks/27673,Oedipus King of Thebes
Fiction,https://www.gutenberg.org/ebooks/161,Sense and Sensibility
Fiction,https://www.gutenberg.org/ebooks/36,The War of the Worlds
Fiction,https://www.gutenberg.org/ebooks/19942,Candide
Fiction,https://www.gutenberg.org/ebooks/4217,A Portrait of the Artist as a Young Man
Fiction,https://www.gutenberg.org/ebooks/67098,Winnie-the-Pooh
Fiction,https://www.gutenberg.org/ebooks/600,Notes from the Underground
Fiction,https://www.gutenberg.org/ebooks/105,Persuasion
Fiction,https://www.gutenberg.org/ebooks/27761,"Hamlet, Prince of Denmark"
Fiction,https://www.gutenberg.org/ebooks/20228,Noli Me Tangere (Tagalog)
Fiction,https://www.gutenberg.org/ebooks/3825,Pygmalion
Fiction,https://www.gutenberg.org/ebooks/12,Through the Looking-Glass
Fiction,https://www.gutenberg.org/ebooks/521,The Life and Adventures of Robinson Crusoe
Fiction,https://www.gutenberg.org/ebooks/23700,The Decameron of Giovanni Boccaccio
Fiction,https://www.gutenberg.org/ebooks/14591,Faust [part 1]. Translated Into English in the Original Metres
Fiction,https://www.gutenberg.org/ebooks/35,The Time Machine
Fiction,https://www.gutenberg.org/ebooks/3090,Complete Original Short Stories of Guy De Maupassant
Fiction,https://www.gutenberg.org/ebooks/2413,Madame Bovary
Fiction,https://www.gutenberg.org/ebooks/60976,Rip Van Winkle
Fiction,https://www.gutenberg.org/ebooks/203,Uncle Tom's Cabin
Fiction,https://www.gutenberg.org/ebooks/17489,Les misérables Tome I: Fantine (French)
Fiction,https://www.gutenberg.org/ebooks/2097,The Sign of the Four
Fiction,https://www.gutenberg.org/ebooks/766,David Copperfield
Fiction,https://www.gutenberg.org/ebooks/164,Twenty Thousand Leagues under the Sea
Fiction,https://www.gutenberg.org/ebooks/215,The call of the wild
Fiction,https://www.gutenberg.org/ebooks/1514,A Midsummer Night's Dream
Fiction,https://www.gutenberg.org/ebooks/69087,The murder of Roger Ackroyd
Fiction,https://www.gutenberg.org/ebooks/23042,The Tempest
Fiction,https://www.gutenberg.org/ebooks/42324,"Frankenstein; Or, The Modern Prometheus"
Fiction,https://www.gutenberg.org/ebooks/236,The Jungle Book
Fiction,https://www.gutenberg.org/ebooks/160,"The Awakening, and Selected Short Stories"
Fiction,https://www.gutenberg.org/ebooks/121,Northanger Abbey
Fiction,https://www.gutenberg.org/ebooks/308,Three Men in a Boat (To Say Nothing of the Dog)
Fiction,https://www.gutenberg.org/ebooks/7700,Lysistrata
Fiction,https://www.gutenberg.org/ebooks/113,The Secret Garden
Fiction,https://www.gutenberg.org/ebooks/25305,Memoirs of Fanny Hill
Fiction,https://www.gutenberg.org/ebooks/209,The Turn of the Screw
Fiction,https://www.gutenberg.org/ebooks/103,Around the World in Eighty Days
Fiction,https://www.gutenberg.org/ebooks/1531,"Othello, the Moor of Venice"
Fiction,https://www.gutenberg.org/ebooks/2500,Siddhartha
Fiction,https://www.gutenberg.org/ebooks/1254,Cyrano de Bergerac
Fiction,https://www.gutenberg.org/ebooks/1524,"Hamlet, Prince of Denmark"
Fiction,https://www.gutenberg.org/ebooks/805,This Side of Paradise
Fiction,https://www.gutenberg.org/ebooks/2527,The Sorrows of Young Werther
Fiction,https://www.gutenberg.org/ebooks/1837,The Prince and the Pauper
Fiction,https://www.gutenberg.org/ebooks/35018,雲形紋章 (Japanese)
Fiction,https://www.gutenberg.org/ebooks/4517,Ethan Frome
Fiction,https://www.gutenberg.org/ebooks/57333,Project Gutenberg Compilation of Short Stories by Chekhov
Fiction,https://www.gutenberg.org/ebooks/14838,The Tale of Peter Rabbit
Fiction,https://www.gutenberg.org/ebooks/8525,"Eve's Diary, Complete"
Fiction,https://www.gutenberg.org/ebooks/71865,Mrs. Dalloway
Fiction,https://www.gutenberg.org/ebooks/73,The Red Badge of Courage: An Episode of the American Civil War
Fiction,https://www.gutenberg.org/ebooks/13415,The Lady with the Dog and Other Stories
Fiction,https://www.gutenberg.org/ebooks/59112,R.U.R. (Rossum's Universal Robots)
Fiction,https://www.gutenberg.org/ebooks/902,"The Happy Prince, and Other Tales"
Fiction,https://www.gutenberg.org/ebooks/2638,The Idiot
Fiction,https://www.gutenberg.org/ebooks/2232,The Duchess of Malfi
Fiction,https://www.gutenberg.org/ebooks/140,The Jungle
Fiction,https://www.gutenberg.org/ebooks/5230,The Invisible Man: A Grotesque Romance
Fiction,https://www.gutenberg.org/ebooks/21279,2 B R 0 2 B
Fiction,https://www.gutenberg.org/ebooks/141,Mansfield Park
Fiction,https://www.gutenberg.org/ebooks/114,The Tenniel Illustrations for Carroll's Alice in Wonderland
Fiction,https://www.gutenberg.org/ebooks/910,White Fang
Fiction,https://www.gutenberg.org/ebooks/2610,Notre-Dame de Paris
Fiction,https://www.gutenberg.org/ebooks/1754,The Sea-Gull
Fiction,https://www.gutenberg.org/ebooks/47629,"Ang ""Filibusterismo"" (Karugtóng ng Noli Me Tangere) (Tagalog)"
Fiction,https://www.gutenberg.org/ebooks/1250,Anthem
Fiction,https://www.gutenberg.org/ebooks/70891,Notre-Dame de Paris - Tome 1 (French)
Fiction,https://www.gutenberg.org/ebooks/5921,"The History of Don Quixote, Volume 1, Complete"
Fiction,https://www.gutenberg.org/ebooks/6087,The Vampyre; a Tale
Fiction,https://www.gutenberg.org/ebooks/6737,The Social Cancer: A Complete English Version of Noli Me Tangere
Fiction,https://www.gutenberg.org/ebooks/61963,We
Fiction,https://www.gutenberg.org/ebooks/2781,Just so stories
Fiction,https://www.gutenberg.org/ebooks/2147,The Works of Edgar Allan Poe — Volume 1
Fiction,https://www.gutenberg.org/ebooks/86,A Connecticut Yankee in King Arthur's Court
Fiction,https://www.gutenberg.org/ebooks/375,An Occurrence at Owl Creek Bridge
Fiction,https://www.gutenberg.org/ebooks/2199,The Iliad
Fiction,https://www.gutenberg.org/ebooks/3011,The Lady of the Lake
Fiction,https://www.gutenberg.org/ebooks/16433,The Gay Cockade
Fiction,https://www.gutenberg.org/ebooks/11231,"Bartleby, the Scrivener: A Story of Wall-Street"
Fiction,https://www.gutenberg.org/ebooks/24022,A Christmas Carol
Fiction,https://www.gutenberg.org/ebooks/541,The Age of Innocence
Fiction,https://www.gutenberg.org/ebooks/271,Black Beauty
Fiction,https://www.gutenberg.org/ebooks/1522,Julius Caesar
Fiction,https://www.gutenberg.org/ebooks/18857,A Journey to the Centre of the Earth
Fiction,https://www.gutenberg.org/ebooks/863,The Mysterious Affair at Styles
Fiction,https://www.gutenberg.org/ebooks/1257,The three musketeers
Fiction,https://www.gutenberg.org/ebooks/599,Vanity Fair
Fiction,https://www.gutenberg.org/ebooks/61221,A passage to India
Fiction,https://www.gutenberg.org/ebooks/22367,Die Verwandlung (German)
Fiction,https://www.gutenberg.org/ebooks/159,The island of Doctor Moreau
Fiction,https://www.gutenberg.org/ebooks/175,The Phantom of the Opera
Fiction,https://www.gutenberg.org/ebooks/4078,The Picture of Dorian Gray
Fiction,https://www.gutenberg.org/ebooks/834,The Memoirs of Sherlock Holmes
Fiction,https://www.gutenberg.org/ebooks/9366,Mary Olivier: a Life
Fiction,https://www.gutenberg.org/ebooks/51,Anne of the Island
Fiction,https://www.gutenberg.org/ebooks/7849,The Trial
Fiction,https://www.gutenberg.org/ebooks/30142,Little Brother
Fiction,https://www.gutenberg.org/ebooks/146,A Little Princess
Fiction,https://www.gutenberg.org/ebooks/383,"She Stoops to Conquer; Or, The Mistakes of a Night: A Comedy"
Fiction,https://www.gutenberg.org/ebooks/8117,"The possessed :  or, The devils"
Fiction,https://www.gutenberg.org/ebooks/4276,North and South
Fiction,https://www.gutenberg.org/ebooks/1200,Gargantua and Pantagruel
Fiction,https://www.gutenberg.org/ebooks/1429,"The Garden Party, and Other Stories"
Fiction,https://www.gutenberg.org/ebooks/19839,Emma
Fiction,https://www.gutenberg.org/ebooks/26272,The Spy
Fiction,https://www.gutenberg.org/ebooks/5225,The Satyricon — Complete
Fiction,https://www.gutenberg.org/ebooks/75998,Daredevil
Fiction,https://www.gutenberg.org/ebooks/54494,海公案 (Chinese)
Fiction,https://www.gutenberg.org/ebooks/42704,Salomé: A Tragedy in One Act
Fiction,https://www.gutenberg.org/ebooks/28794,"Moby Dick; Or, The Whale"
Fiction,https://www.gutenberg.org/ebooks/580,The Pickwick Papers
Fiction,https://www.gutenberg.org/ebooks/47,Anne of Avonlea
Fiction,https://www.gutenberg.org/ebooks/289,The Wind in the Willows
Fiction,https://www.gutenberg.org/ebooks/500,The Adventures of Pinocchio
Fiction,https://www.gutenberg.org/ebooks/7256,The Gift of the Magi
Fiction,https://www.gutenberg.org/ebooks/1515,The Merchant of Venice
Fiction,https://www.gutenberg.org/ebooks/8578,The Grand Inquisitor
Fiction,https://www.gutenberg.org/ebooks/108,The Return of Sherlock Holmes
Fiction,https://www.gutenberg.org/ebooks/28811,Barchester Towers
Fiction,https://www.gutenberg.org/ebooks/7178,Swann's Way
Fiction,https://www.gutenberg.org/ebooks/26264,The Return of the Native
Fiction,https://www.gutenberg.org/ebooks/1079,"The Life and Opinions of Tristram Shandy, Gentleman"
Fiction,https://www.gutenberg.org/ebooks/26297,Little Women
Fiction,https://www.gutenberg.org/ebooks/17157,Gulliver's Travels into Several Remote Regions of the World
Fiction,https://www.gutenberg.org/ebooks/6133,"The Extraordinary Adventures of Arsène Lupin, Gentleman-Burglar"
Fiction,https://www.gutenberg.org/ebooks/31516,The Eyes Have It
Fiction,https://www.gutenberg.org/ebooks/24571,Der Struwwelpeter (German)
Fiction,https://www.gutenberg.org/ebooks/25525,"The Works of Edgar Allan Poe, The Raven Edition"
Fiction,https://www.gutenberg.org/ebooks/39287,苦悶の欄 (Japanese)
Fiction,https://www.gutenberg.org/ebooks/22962,Mansfield Park
Fiction,https://www.gutenberg.org/ebooks/1526,"Twelfth Night; Or, What You Will"
Fiction,https://www.gutenberg.org/ebooks/20593,Anne of Green Gables
Fiction,https://www.gutenberg.org/ebooks/696,The Castle of Otranto
Fiction,https://www.gutenberg.org/ebooks/284,The House of Mirth
Fiction,https://www.gutenberg.org/ebooks/2992,The Middle-Class Gentleman
Fiction,https://www.gutenberg.org/ebooks/32,Herland
Fiction,https://www.gutenberg.org/ebooks/1056,Martin Eden
Fiction,https://www.gutenberg.org/ebooks/8954,Lady Audley's Secret
Fiction,https://www.gutenberg.org/ebooks/82,Ivanhoe: A Romance
Fiction,https://www.gutenberg.org/ebooks/19033,Alice's Adventures in Wonderland
Fiction,https://www.gutenberg.org/ebooks/10148,The Merry Adventures of Robin Hood
Fiction,https://www.gutenberg.org/ebooks/23712,Tarzan of the Apes
Fiction,https://www.gutenberg.org/ebooks/75999,A journey of joy
Fiction,https://www.gutenberg.org/ebooks/17989,"Le comte de Monte-Cristo, Tome I (French)"
Fiction,https://www.gutenberg.org/ebooks/67138,The Sun Also Rises
Fiction,https://www.gutenberg.org/ebooks/4081,The Alchemist
Fiction,https://www.gutenberg.org/ebooks/1874,The Railway Children
Fiction,https://www.gutenberg.org/ebooks/512,Mosses from an old manse
Fiction,https://www.gutenberg.org/ebooks/13951,Les trois mousquetaires (French)
Fiction,https://www.gutenberg.org/ebooks/2833,The Portrait of a Lady — Volume 1
Fiction,https://www.gutenberg.org/ebooks/2559,"The Forsyte Saga, Volume I."
Fiction,https://www.gutenberg.org/ebooks/22981,Letters of Two Brides
Fiction,https://www.gutenberg.org/ebooks/8121,Ghosts
Fiction,https://www.gutenberg.org/ebooks/1450,Pollyanna
Fiction,https://www.gutenberg.org/ebooks/131,The Pilgrim's Progress from this world to that which is to come
Fiction,https://www.gutenberg.org/ebooks/2911,Justice
Fiction,https://www.gutenberg.org/ebooks/35451,Medea of Euripides
Fiction,https://www.gutenberg.org/ebooks/932,The Fall of the House of Usher
Fiction,https://www.gutenberg.org/ebooks/27805,The Wind in the Willows
Fiction,https://www.gutenberg.org/ebooks/2518,"The Hungry Stones, and Other Stories"
Fiction,https://www.gutenberg.org/ebooks/421,Kidnapped
Fiction,https://www.gutenberg.org/ebooks/33525,Stories from Tagore
Fiction,https://www.gutenberg.org/ebooks/155,The Moonstone
Fiction,https://www.gutenberg.org/ebooks/20000,Twenty Thousand Leagues Under the Sea
Fiction,https://www.gutenberg.org/ebooks/3618,Arms and the Man
Fiction,https://www.gutenberg.org/ebooks/13437,Best Russian Short Stories
Fiction,https://www.gutenberg.org/ebooks/75997,The room
Fiction,https://www.gutenberg.org/ebooks/28737,At the Back of the North Wind
Fiction,https://www.gutenberg.org/ebooks/32633,Time Enough at Last
Fiction,https://www.gutenberg.org/ebooks/75201,A farewell to arms
Fiction,https://www.gutenberg.org/ebooks/20973,Le tour du monde en quatre-vingts jours (French)
Fiction,https://www.gutenberg.org/ebooks/583,The Woman in White
Fiction,https://www.gutenberg.org/ebooks/9830,The Beautiful and Damned
Fiction,https://www.gutenberg.org/ebooks/23962,西遊記 (Chinese)
Fiction,https://www.gutenberg.org/ebooks/23078,Murder at Bridge
Fiction,https://www.gutenberg.org/ebooks/376,A Journal of the Plague Year
Fiction,https://www.gutenberg.org/ebooks/48320,Adventures of Sherlock Holmes
Fiction,https://www.gutenberg.org/ebooks/26274,The Swiss Family Robinson
Fiction,https://www.gutenberg.org/ebooks/20687,Pride and Prejudice
Fiction,https://www.gutenberg.org/ebooks/1519,Much Ado about Nothing
Fiction,https://www.gutenberg.org/ebooks/550,Silas Marner
Fiction,https://www.gutenberg.org/ebooks/26654,Peter and Wendy
Fiction,https://www.gutenberg.org/ebooks/23969,Typee
Fiction,https://www.gutenberg.org/ebooks/2446,An Enemy of the People
Fiction,https://www.gutenberg.org/ebooks/6688,The Mill on the Floss
Fiction,https://www.gutenberg.org/ebooks/66057,The tale of Genji
Fiction,https://www.gutenberg.org/ebooks/19640,Adventures of Huckleberry Finn
Fiction,https://www.gutenberg.org/ebooks/1695,The Man Who Was Thursday: A Nightmare
Fiction,https://www.gutenberg.org/ebooks/40409,Os Maias: episodios da vida romantica (Portuguese)
Fiction,https://www.gutenberg.org/ebooks/70954,Trois femmes (French)
Fiction,https://www.gutenberg.org/ebooks/60,The Scarlet Pimpernel
Fiction,https://www.gutenberg.org/ebooks/42,The Strange Case of Dr. Jekyll and Mr. Hyde
Fiction,https://www.gutenberg.org/ebooks/1292,The Way of the World
Fiction,https://www.gutenberg.org/ebooks/4039,"Volpone; Or, The Fox"
Fiction,https://www.gutenberg.org/ebooks/45524,The Open Boat and Other Stories
Fiction,https://www.gutenberg.org/ebooks/75949,Terror keep
Fiction,https://www.gutenberg.org/ebooks/21601,The Vicar of Wakefield
Fiction,https://www.gutenberg.org/ebooks/3186,"The Mysterious Stranger, and Other Stories"
Fiction,https://www.gutenberg.org/ebooks/233,Sister Carrie: A Novel
Fiction,https://www.gutenberg.org/ebooks/40426,Daddy-Long-Legs
Fiction,https://www.gutenberg.org/ebooks/58866,The Murder on the Links
Fiction,https://www.gutenberg.org/ebooks/6415,This Freedom
Fiction,https://www.gutenberg.org/ebooks/22964,Sense and Sensibility
Fiction,https://www.gutenberg.org/ebooks/76059,The thing in the woods
Fiction,https://www.gutenberg.org/ebooks/75930,"Her evil genius :  or, Within love's call"
Fiction,https://www.gutenberg.org/ebooks/42671,Pride and Prejudice
Fiction,https://www.gutenberg.org/ebooks/76039,The red feathers :  A story of remarkable adventures when the world was young
Fiction,https://www.gutenberg.org/ebooks/43936,The Wonderful Wizard of Oz
Fiction,https://www.gutenberg.org/ebooks/61262,Poirot Investigates
Fiction,https://www.gutenberg.org/ebooks/143,The Mayor of Casterbridge
Fiction,https://www.gutenberg.org/ebooks/61851,El crimen y el castigo (Spanish)
Fiction,https://www.gutenberg.org/ebooks/47935,Fathers and Sons
Fiction,https://www.gutenberg.org/ebooks/6157,"What Men Live By, and Other Tales"
Fiction,https://www.gutenberg.org/ebooks/65662,Der Zauberberg. Zweiter Band (German)
Fiction,https://www.gutenberg.org/ebooks/75011,All quiet on the Western Front
Fiction,https://www.gutenberg.org/ebooks/3289,The Valley of Fear
Fiction,https://www.gutenberg.org/ebooks/790,Lady Windermere's Fan
Fiction,https://www.gutenberg.org/ebooks/20058,The Napoleon of Notting Hill
Fiction,https://www.gutenberg.org/ebooks/19797,Dracula
Fiction,https://www.gutenberg.org/ebooks/544,Anne's House of Dreams
Fiction,https://www.gutenberg.org/ebooks/22452,Howards End
Fiction,https://www.gutenberg.org/ebooks/1268,The Mysterious Island
Fiction,https://www.gutenberg.org/ebooks/1929,The School for Scandal
Fiction,https://www.gutenberg.org/ebooks/19516,The Adventures of Pinocchio
Fiction,https://www.gutenberg.org/ebooks/2868,The Green Mummy
Fiction,https://www.gutenberg.org/ebooks/102,The Tragedy of Pudd'nhead Wilson
Fiction,https://www.gutenberg.org/ebooks/57426,Baron Trump's Marvellous Underground Journey
Fiction,https://www.gutenberg.org/ebooks/23936,Treasure Island
Crime_Mystery,https://www.gutenberg.org/ebooks/14977,The Red Record
Crime_Mystery,https://www.gutenberg.org/ebooks/14975,Southern Horrors: Lynch Law in All Its Phases
Crime_Mystery,https://www.gutenberg.org/ebooks/32854,"Arsène Lupin, gentleman-cambrioleur (French)"
Crime_Mystery,https://www.gutenberg.org/ebooks/204,The innocence of Father Brown
Crime_Mystery,https://www.gutenberg.org/ebooks/26468,The Middle Temple Murder
Crime_Mystery,https://www.gutenberg.org/ebooks/57764,Crimes of Preachers in the United States and Canada
Crime_Mystery,https://www.gutenberg.org/ebooks/1063,The Cask of Amontillado
Crime_Mystery,https://www.gutenberg.org/ebooks/558,The Thirty-Nine Steps
Crime_Mystery,https://www.gutenberg.org/ebooks/76072,The mystery of Angelina Frood
Crime_Mystery,https://www.gutenberg.org/ebooks/1155,The Secret Adversary
Crime_Mystery,https://www.gutenberg.org/ebooks/1917,The Queen of Hearts
Crime_Mystery,https://www.gutenberg.org/ebooks/564,The Mystery of Edwin Drood
Crime_Mystery,https://www.gutenberg.org/ebooks/974,The Secret Agent: A Simple Tale
Crime_Mystery,https://www.gutenberg.org/ebooks/75922,The amazing adventures of Letitia Carberry
Crime_Mystery,https://www.gutenberg.org/ebooks/70114,The Big Four
Crime_Mystery,https://www.gutenberg.org/ebooks/75967,"Dr. Mabuse, master of mystery :  a novel"
Crime_Mystery,https://www.gutenberg.org/ebooks/69700,The case-book of Sherlock Holmes
Crime_Mystery,https://www.gutenberg.org/ebooks/26587,The Paradise Mystery
Crime_Mystery,https://www.gutenberg.org/ebooks/2350,His Last Bow: An Epilogue of Sherlock Holmes
Crime_Mystery,https://www.gutenberg.org/ebooks/61168,The Man in the Brown Suit
Crime_Mystery,https://www.gutenberg.org/ebooks/72824,The mystery of the Blue Train
Crime_Mystery,https://www.gutenberg.org/ebooks/25393,施公案 (Chinese)
Crime_Mystery,https://www.gutenberg.org/ebooks/75288,The Seven Dials mystery
Crime_Mystery,https://www.gutenberg.org/ebooks/50603,Minute Mysteries [Detectograms]
Crime_Mystery,https://www.gutenberg.org/ebooks/76049,Dancing Devil range
Crime_Mystery,https://www.gutenberg.org/ebooks/2150,The Works of Edgar Allan Poe — Volume 4
Crime_Mystery,https://www.gutenberg.org/ebooks/2149,The Works of Edgar Allan Poe — Volume 3
Crime_Mystery,https://www.gutenberg.org/ebooks/101,The Hacker Crackdown: Law and Disorder on the Electronic Frontier
Crime_Mystery,https://www.gutenberg.org/ebooks/1320,"Criminal Psychology: A Manual for Judges, Practitioners, and Students"
Crime_Mystery,https://www.gutenberg.org/ebooks/28733,The Adventures of Sherlock Holmes
Crime_Mystery,https://www.gutenberg.org/ebooks/41325,幽霊書店 (Japanese)
Crime_Mystery,https://www.gutenberg.org/ebooks/21854,The Woman in Black
Crime_Mystery,https://www.gutenberg.org/ebooks/74548,"Great short stories, Volume 1 (of 3) :  Detective stories"
Crime_Mystery,https://www.gutenberg.org/ebooks/1685,The Mystery of the Yellow Room
Crime_Mystery,https://www.gutenberg.org/ebooks/26470,The Red House Mystery
Crime_Mystery,https://www.gutenberg.org/ebooks/1849,The Yellow Crayon
Crime_Mystery,https://www.gutenberg.org/ebooks/26970,彭公案 (Chinese)
Crime_Mystery,https://www.gutenberg.org/ebooks/23053,Night of the Living Dead
Crime_Mystery,https://www.gutenberg.org/ebooks/75858,The strange countess
Crime_Mystery,https://www.gutenberg.org/ebooks/4686,"Underground: Hacking, madness and obsession on the electronic frontier"
Crime_Mystery,https://www.gutenberg.org/ebooks/65335,"Arms and Armor of the Pilgrims, 1620-1692"
Crime_Mystery,https://www.gutenberg.org/ebooks/21520,The Hound of the Baskervilles
Crime_Mystery,https://www.gutenberg.org/ebooks/20674,The Triumphs of Eugene Valmont
Crime_Mystery,https://www.gutenberg.org/ebooks/65238,The Secret of Chimneys
Crime_Mystery,https://www.gutenberg.org/ebooks/28839,The Clue of the Twisted Candle
Crime_Mystery,https://www.gutenberg.org/ebooks/22747,Financial Crime and Corruption
Crime_Mystery,https://www.gutenberg.org/ebooks/2760,Celebrated Crimes (Complete)
Crime_Mystery,https://www.gutenberg.org/ebooks/58820,Whose Body? A Lord Peter Wimsey Novel
Crime_Mystery,https://www.gutenberg.org/ebooks/223,The wisdom of Father Brown
Crime_Mystery,https://www.gutenberg.org/ebooks/21603,The Wisdom of Father Brown
Crime_Mystery,https://www.gutenberg.org/ebooks/9551,The Adventures of Sherlock Holmes
Crime_Mystery,https://www.gutenberg.org/ebooks/67173,The Missing Will
Crime_Mystery,https://www.gutenberg.org/ebooks/3321,Children of the Whirlwind
Crime_Mystery,https://www.gutenberg.org/ebooks/34158,入れかわった男 (Japanese)
Crime_Mystery,https://www.gutenberg.org/ebooks/75840,The trail of the serpent
Crime_Mystery,https://www.gutenberg.org/ebooks/537,Tales of Terror and Mystery
Crime_Mystery,https://www.gutenberg.org/ebooks/59298,"L'uomo delinquente (Italian)"
Crime_Mystery,https://www.gutenberg.org/ebooks/221,The Return of Sherlock Holmes
Crime_Mystery,https://www.gutenberg.org/ebooks/5164,The Beetle: A Mystery
Crime_Mystery,https://www.gutenberg.org/ebooks/21586,The Sign of the Four
Crime_Mystery,https://www.gutenberg.org/ebooks/23723,"The Man Who was Thursday, A Nightmare"
Crime_Mystery,https://www.gutenberg.org/ebooks/67160,The Hunter's Lodge Case
Crime_Mystery,https://www.gutenberg.org/ebooks/21522,The innocence of Father Brown
Crime_Mystery,https://www.gutenberg.org/ebooks/75896,Arsène Lupin intervenes
Crime_Mystery,https://www.gutenberg.org/ebooks/69404,You can't win
Crime_Mystery,https://www.gutenberg.org/ebooks/12758,Library of the World's Best Mystery and Detective Stories
Crime_Mystery,https://www.gutenberg.org/ebooks/66446,The Plymouth Express Affair
Crime_Mystery,https://www.gutenberg.org/ebooks/3070,The Hound of the Baskervilles
Crime_Mystery,https://www.gutenberg.org/ebooks/21525,The Man Who Knew Too Much
Crime_Mystery,https://www.gutenberg.org/ebooks/28755,The Hollow Needle: Further Adventures of Arsène Lupin
Crime_Mystery,https://www.gutenberg.org/ebooks/9553,The Return of Sherlock Holmes
Crime_Mystery,https://www.gutenberg.org/ebooks/75808,Four square Jane
Crime_Mystery,https://www.gutenberg.org/ebooks/75925,Schuß in's Geschäft (Der Fall Otto Eißler) (German)
Crime_Mystery,https://www.gutenberg.org/ebooks/19564,The Pirates' Who's Who
Crime_Mystery,https://www.gutenberg.org/ebooks/2028,The Yellow Claw
Crime_Mystery,https://www.gutenberg.org/ebooks/75909,"The double dagger :  or, Nat Ridley's Mexican trail"
Crime_Mystery,https://www.gutenberg.org/ebooks/1872,The Red House Mystery
Crime_Mystery,https://www.gutenberg.org/ebooks/40203,Arsène Lupin versus Herlock Sholmes
Crime_Mystery,https://www.gutenberg.org/ebooks/2038,The Lock and Key Library: Classic Mystery and Detective Stories: Modern English
Crime_Mystery,https://www.gutenberg.org/ebooks/14976,Mob Rule in New Orleans
Crime_Mystery,https://www.gutenberg.org/ebooks/70008,Unnatural death
Crime_Mystery,https://www.gutenberg.org/ebooks/35818,Doors of the Night
Crime_Mystery,https://www.gutenberg.org/ebooks/34323,The Samurai Strategy
Crime_Mystery,https://www.gutenberg.org/ebooks/34321,Syndrome
Crime_Mystery,https://www.gutenberg.org/ebooks/59828,"The String of Pearls; Or, The Barber of Fleet Street. A Domestic Romance."
Crime_Mystery,https://www.gutenberg.org/ebooks/57669,The problem of Cell 13
Crime_Mystery,https://www.gutenberg.org/ebooks/173,The Insidious Dr. Fu Manchu
Crime_Mystery,https://www.gutenberg.org/ebooks/172,The Haunted Bookshop
Crime_Mystery,https://www.gutenberg.org/ebooks/75669,The Templeton case
Crime_Mystery,https://www.gutenberg.org/ebooks/34079,Tajemnica Baskerville'ów: dziwne przygody Sherlocka Holmes (Polish)
Crime_Mystery,https://www.gutenberg.org/ebooks/26574,"The Extraordinary Adventures of Arsène Lupin, Gentleman-Burglar"
Crime_Mystery,https://www.gutenberg.org/ebooks/20592,The Amateur Cracksman
Crime_Mystery,https://www.gutenberg.org/ebooks/58700,Crimes and Punishments
Crime_Mystery,https://www.gutenberg.org/ebooks/20047,Four Max Carrados Detective Stories
Crime_Mystery,https://www.gutenberg.org/ebooks/73547,The case of Charles Dexter Ward
Crime_Mystery,https://www.gutenberg.org/ebooks/9555,The Memoirs of Sherlock Holmes
Crime_Mystery,https://www.gutenberg.org/ebooks/57314,The Yellow Face
Crime_Mystery,https://www.gutenberg.org/ebooks/170,The Haunted Hotel: A Mystery of Modern Venice
Crime_Mystery,https://www.gutenberg.org/ebooks/75855,The smear
Crime_Mystery,https://www.gutenberg.org/ebooks/3181,The Stolen White Elephant
Crime_Mystery,https://www.gutenberg.org/ebooks/1563,The Crystal Stopper
Crime_Mystery,https://www.gutenberg.org/ebooks/75760,The house of evil
Crime_Mystery,https://www.gutenberg.org/ebooks/1720,The Man Who Knew Too Much
Crime_Mystery,https://www.gutenberg.org/ebooks/58238,Sämtliche Werke 1-2 :  Rodion Raskolnikoff (Schuld und Sühne) (German)
Crime_Mystery,https://www.gutenberg.org/ebooks/2741,The Borgias
Crime_Mystery,https://www.gutenberg.org/ebooks/4014,Arsène Lupin
Crime_Mystery,https://www.gutenberg.org/ebooks/5888,Crime and Corruption
Crime_Mystery,https://www.gutenberg.org/ebooks/24929,The Green Rust
Crime_Mystery,https://www.gutenberg.org/ebooks/75589,The dark eyes of London
Crime_Mystery,https://www.gutenberg.org/ebooks/75992,Kuolleen silmät :  Kertomuksia tuntemattoman ovilta (Finnish)
Crime_Mystery,https://www.gutenberg.org/ebooks/2346,The Adventure of the Bruce-Partington Plans
Crime_Mystery,https://www.gutenberg.org/ebooks/807,Hunted Down: The Detective Stories of Charles Dickens
Crime_Mystery,https://www.gutenberg.org/ebooks/3803,File No. 113
Crime_Mystery,https://www.gutenberg.org/ebooks/71282,Criminality and economic conditions
Crime_Mystery,https://www.gutenberg.org/ebooks/75643,The Black Abbot
Crime_Mystery,https://www.gutenberg.org/ebooks/2743,Massacres of the South (1551-1815)
Crime_Mystery,https://www.gutenberg.org/ebooks/39544,The Incendiary: A Story of Mystery
Crime_Mystery,https://www.gutenberg.org/ebooks/70432,Clouds of witness
Crime_Mystery,https://www.gutenberg.org/ebooks/4047,The Leavenworth Case
Crime_Mystery,https://www.gutenberg.org/ebooks/2746,Urbain Grandier
Crime_Mystery,https://www.gutenberg.org/ebooks/70083,The tower treasure
Crime_Mystery,https://www.gutenberg.org/ebooks/33173,"A Thief in the Night: Further adventures of A. J. Raffles, Cricketer and Cracksman"
Crime_Mystery,https://www.gutenberg.org/ebooks/73295,Lord Peter views the body
Crime_Mystery,https://www.gutenberg.org/ebooks/55305,The Black Patch
Crime_Mystery,https://www.gutenberg.org/ebooks/4017,The Hollow Needle; Further adventures of Arsène Lupin
Crime_Mystery,https://www.gutenberg.org/ebooks/2347,The Adventure of the Dying Detective
Crime_Mystery,https://www.gutenberg.org/ebooks/75562,"The Assassination Bureau, Ltd."
Crime_Mystery,https://www.gutenberg.org/ebooks/50285,"Dr. Mabuse, der Spieler :  Roman (German)"
Crime_Mystery,https://www.gutenberg.org/ebooks/13097,"Lives of the Most Remarkable Criminals Who have been Condemned and Executed for Murder, the Highway, Housebreaking, Street Robberies, Coining or other offences"
Crime_Mystery,https://www.gutenberg.org/ebooks/75310,The secret of the caves
Crime_Mystery,https://www.gutenberg.org/ebooks/9552,The Hound of the Baskervilles
Crime_Mystery,https://www.gutenberg.org/ebooks/24342,The Story of the Outlaw: A Study of the Western Desperado
Crime_Mystery,https://www.gutenberg.org/ebooks/9557,The Valley of Fear
Crime_Mystery,https://www.gutenberg.org/ebooks/1718,Manalive
Crime_Mystery,https://www.gutenberg.org/ebooks/9705,The Mystery of Edwin Drood
Crime_Mystery,https://www.gutenberg.org/ebooks/70034,The stainless steel rat
Crime_Mystery,https://www.gutenberg.org/ebooks/75493,The lazy detective
Crime_Mystery,https://www.gutenberg.org/ebooks/49222,"John Silence, Physician Extraordinary"
Crime_Mystery,https://www.gutenberg.org/ebooks/72869,Meet the Tiger
Crime_Mystery,https://www.gutenberg.org/ebooks/72855,The unpleasantness at the Bellona Club
Crime_Mystery,https://www.gutenberg.org/ebooks/34318,Life Blood
Crime_Mystery,https://www.gutenberg.org/ebooks/75702,The melody of death
Crime_Mystery,https://www.gutenberg.org/ebooks/9556,A Study in Scarlet
Crime_Mystery,https://www.gutenberg.org/ebooks/75877,"Lucius Davoren; or, Publicans and sinners, vol. 3"
Crime_Mystery,https://www.gutenberg.org/ebooks/1686,The Secret of the Night
Crime_Mystery,https://www.gutenberg.org/ebooks/75476,The poisoned chocolates case
Crime_Mystery,https://www.gutenberg.org/ebooks/9554,His Last Bow
Crime_Mystery,https://www.gutenberg.org/ebooks/9558,The Sign of the Four
Crime_Mystery,https://www.gutenberg.org/ebooks/27523,Masterpieces of Mystery in Four Volumes: Detective Stories
Crime_Mystery,https://www.gutenberg.org/ebooks/434,The Circular Staircase
Crime_Mystery,https://www.gutenberg.org/ebooks/13172,True Stories of Crime From the District Attorney's Office
Crime_Mystery,https://www.gutenberg.org/ebooks/93,"Tom Sawyer, Detective"
Crime_Mystery,https://www.gutenberg.org/ebooks/446,A Book of Remarkable Criminals
Crime_Mystery,https://www.gutenberg.org/ebooks/13882,John Thorndyke's Cases
Crime_Mystery,https://www.gutenberg.org/ebooks/1696,The Club of Queer Trades
Crime_Mystery,https://www.gutenberg.org/ebooks/1622,The Law and the Lady
Crime_Mystery,https://www.gutenberg.org/ebooks/1626,After Dark
Crime_Mystery,https://www.gutenberg.org/ebooks/1601,The Breaking Point
Crime_Mystery,https://www.gutenberg.org/ebooks/2043,The Lock and Key Library: The most interesting stories of all nations: American
Crime_Mystery,https://www.gutenberg.org/ebooks/75790,Cursed be the treasure
Crime_Mystery,https://www.gutenberg.org/ebooks/3336,Within an Inch of His Life
Crime_Mystery,https://www.gutenberg.org/ebooks/7691,Lucretia — Complete
Crime_Mystery,https://www.gutenberg.org/ebooks/1629,"""I Say No"""
Crime_Mystery,https://www.gutenberg.org/ebooks/67248,El clavo (Spanish)
Crime_Mystery,https://www.gutenberg.org/ebooks/1183,The Return of Dr. Fu-Manchu
Crime_Mystery,https://www.gutenberg.org/ebooks/75359,The crime at Black Dudley
Crime_Mystery,https://www.gutenberg.org/ebooks/75729,The river of stars
Crime_Mystery,https://www.gutenberg.org/ebooks/2451,Caught in the Net
Crime_Mystery,https://www.gutenberg.org/ebooks/2756,Marquise Brinvillier
Crime_Mystery,https://www.gutenberg.org/ebooks/33695,X Y Z: A Detective Story
Crime_Mystery,https://www.gutenberg.org/ebooks/41457,The German Spy System from Within
Crime_Mystery,https://www.gutenberg.org/ebooks/32978,下宿人 (Japanese)
Crime_Mystery,https://www.gutenberg.org/ebooks/22349,The Camp of the Dog
Crime_Mystery,https://www.gutenberg.org/ebooks/75628,In the night
Crime_Mystery,https://www.gutenberg.org/ebooks/28093,The Confessions of Arsène Lupin
Crime_Mystery,https://www.gutenberg.org/ebooks/8624,The Adventures of Sherlock Holmes
Crime_Mystery,https://www.gutenberg.org/ebooks/70938,The day will come :  a novel
Crime_Mystery,https://www.gutenberg.org/ebooks/1182,Dope
Crime_Mystery,https://www.gutenberg.org/ebooks/30970,Miss Cayley's Adventures
Crime_Mystery,https://www.gutenberg.org/ebooks/75384,The patient in Room 18
Crime_Mystery,https://www.gutenberg.org/ebooks/30836,Seven Keys to Baldpate
Crime_Mystery,https://www.gutenberg.org/ebooks/27794,Fantômas
Crime_Mystery,https://www.gutenberg.org/ebooks/13990,The Fugitive Slave Law and Its Victims
Crime_Mystery,https://www.gutenberg.org/ebooks/706,The Amateur Cracksman
Crime_Mystery,https://www.gutenberg.org/ebooks/2345,The Adventure of the Red Circle
Crime_Mystery,https://www.gutenberg.org/ebooks/46649,"The Chronicles of Newgate, vol. 1/2"
Crime_Mystery,https://www.gutenberg.org/ebooks/56503,Tyburn Tree: Its History and Annals
Crime_Mystery,https://www.gutenberg.org/ebooks/45660,"Life and adventures of Frank and Jesse James, the noted western outlaws"
Crime_Mystery,https://www.gutenberg.org/ebooks/2753,Ali Pacha
Crime_Mystery,https://www.gutenberg.org/ebooks/53111,Half-hours with the Highwaymen - Vol 1
Crime_Mystery,https://www.gutenberg.org/ebooks/22654,The Doctor of Pimlico: Being the Disclosure of a Great Crime
Crime_Mystery,https://www.gutenberg.org/ebooks/1585,The Wrong Box
Crime_Mystery,https://www.gutenberg.org/ebooks/23641,The Forsaken Inn: A Novel
Crime_Mystery,https://www.gutenberg.org/ebooks/707,Raffles: Further Adventures of the Amateur Cracksman
Crime_Mystery,https://www.gutenberg.org/ebooks/8615,A Study in Scarlet
Crime_Mystery,https://www.gutenberg.org/ebooks/75500,Murder by the clock
Crime_Mystery,https://www.gutenberg.org/ebooks/46746,"The Chronicles of Newgate, vol. 2/2"
Crime_Mystery,https://www.gutenberg.org/ebooks/75577,Footprints
Crime_Mystery,https://www.gutenberg.org/ebooks/1831,The Lock and Key Library: Classic Mystery and Detective Stories: Old Time English
Crime_Mystery,https://www.gutenberg.org/ebooks/2349,The Adventure of the Devil's Foot
Crime_Mystery,https://www.gutenberg.org/ebooks/74643,"The Italian, Volume 1 (of 3) :  or, the confessional of the Black Penitents"
Crime_Mystery,https://www.gutenberg.org/ebooks/39921,Les vrais mystères de Paris (French)
Crime_Mystery,https://www.gutenberg.org/ebooks/2744,Mary Stuart
Crime_Mystery,https://www.gutenberg.org/ebooks/26081,"Fighting the Traffic in Young Girls; Or, War on the White Slave Trade"
Crime_Mystery,https://www.gutenberg.org/ebooks/75488,The purple sickle murders
Crime_Mystery,https://www.gutenberg.org/ebooks/40835,The Pauper of Park Lane
Crime_Mystery,https://www.gutenberg.org/ebooks/75758,Dames
Crime_Mystery,https://www.gutenberg.org/ebooks/17866,Murder in the Gunroom
Crime_Mystery,https://www.gutenberg.org/ebooks/2344,The Adventure of the Cardboard Box
Crime_Mystery,https://www.gutenberg.org/ebooks/70175,The secret of Father Brown
Crime_Mystery,https://www.gutenberg.org/ebooks/20912,The Daffodil Mystery
Crime_Mystery,https://www.gutenberg.org/ebooks/31635,The Silent Barrier
Crime_Mystery,https://www.gutenberg.org/ebooks/35617,The Terror: A Mystery
Crime_Mystery,https://www.gutenberg.org/ebooks/1703,Dead Men Tell No Tales
Crime_Mystery,https://www.gutenberg.org/ebooks/21087,The Ghost Ship: A Mystery of the Sea
Crime_Mystery,https://www.gutenberg.org/ebooks/52683,The Mystery Boys and the Inca Gold
Crime_Mystery,https://www.gutenberg.org/ebooks/75325,The Bellamy trial
Crime_Mystery,https://www.gutenberg.org/ebooks/75012,The mystery of Cabin Island
Crime_Mystery,https://www.gutenberg.org/ebooks/2751,Man in the Iron Mask (an Essay)
Crime_Mystery,https://www.gutenberg.org/ebooks/72581,Lady Molly of Scotland Yard
Crime_Mystery,https://www.gutenberg.org/ebooks/1632,A Book of Scoundrels
Crime_Mystery,https://www.gutenberg.org/ebooks/43135,The Riddle of the Purple Emperor
Crime_Mystery,https://www.gutenberg.org/ebooks/13765,Le mystère de la chambre jaune (French)
Crime_Mystery,https://www.gutenberg.org/ebooks/3180,A Double Barrelled Detective Story
Crime_Mystery,https://www.gutenberg.org/ebooks/45038,Perlycross: A Tale of the Western Hills
Crime_Mystery,https://www.gutenberg.org/ebooks/5256,The History of the Life of the Late Mr. Jonathan Wild the Great
Crime_Mystery,https://www.gutenberg.org/ebooks/9532,The Lock and Key Library: Classic Mystery and Detective Stories: Old Time English
Crime_Mystery,https://www.gutenberg.org/ebooks/17197,The Black Box
Crime_Mystery,https://www.gutenberg.org/ebooks/10102,The Czar's Spy: The Mystery of a Silent Love
Crime_Mystery,https://www.gutenberg.org/ebooks/2343,The Adventure of Wisteria Lodge
Crime_Mystery,https://www.gutenberg.org/ebooks/2755,Murat
Crime_Mystery,https://www.gutenberg.org/ebooks/8572,Cord and Creese
Crime_Mystery,https://www.gutenberg.org/ebooks/35254,In the Onyx Lobby
Crime_Mystery,https://www.gutenberg.org/ebooks/70236,The secret of the old mill
Crime_Mystery,https://www.gutenberg.org/ebooks/14851,Uncle Silas: A Tale of Bartram-Haugh
Crime_Mystery,https://www.gutenberg.org/ebooks/2014,The Lodger
Crime_Mystery,https://www.gutenberg.org/ebooks/2098,A Thief in the Night: A Book of Raffles' Adventures
Crime_Mystery,https://www.gutenberg.org/ebooks/1970,A Poor Wise Man
Crime_Mystery,https://www.gutenberg.org/ebooks/55668,Twenty Years' Recollections of an Irish Police Magistrate
Crime_Mystery,https://www.gutenberg.org/ebooks/9679,"The Life, Adventures and Piracies of the Famous Captain Singleton"
Crime_Mystery,https://www.gutenberg.org/ebooks/73254,The crooked cross
Crime_Mystery,https://www.gutenberg.org/ebooks/38531,"The Beckoning Hand, and Other Stories"
Crime_Mystery,https://www.gutenberg.org/ebooks/10556,The Old Man in the Corner
Crime_Mystery,https://www.gutenberg.org/ebooks/46585,The Chronicles of Crime or The New Newgate Calendar. v. 1/2
Crime_Mystery,https://www.gutenberg.org/ebooks/34732,Max Carrados
Crime_Mystery,https://www.gutenberg.org/ebooks/38983,"The Camp Fire Girls Solve a Mystery; Or, The Christmas Adventure at Carver House"
Crime_Mystery,https://www.gutenberg.org/ebooks/75157,The Bishop murder case
Crime_Mystery,https://www.gutenberg.org/ebooks/59478,The adventures of Dr. Thorndyke (The singing bone)
Crime_Mystery,https://www.gutenberg.org/ebooks/50520,Early French Prisons
Crime_Mystery,https://www.gutenberg.org/ebooks/75646,"The astounding crime on Torrington Road :  Being an account of what might be termed ""the Pentecost episode"" in a most audacious criminal career"
Crime_Mystery,https://www.gutenberg.org/ebooks/1218,The Adventures of Jimmie Dale
Crime_Mystery,https://www.gutenberg.org/ebooks/21617,That Affair Next Door
Crime_Mystery,https://www.gutenberg.org/ebooks/52301,Some Distinguished Victims of the Scaffold
Crime_Mystery,https://www.gutenberg.org/ebooks/363,The Oakdale Affair
Crime_Mystery,https://www.gutenberg.org/ebooks/44476,"Satan's Invisible World Displayed; or, Despairing Democracy"
Crime_Mystery,https://www.gutenberg.org/ebooks/10624,Three John Silence Stories
Crime_Mystery,https://www.gutenberg.org/ebooks/449,"Pathology of Lying, Accusation, and Swindling: A Study in Forensic Psychology"
Crime_Mystery,https://www.gutenberg.org/ebooks/5697,Tales of Chinatown
Crime_Mystery,https://www.gutenberg.org/ebooks/35819,Lonesome Town
Crime_Mystery,https://www.gutenberg.org/ebooks/48621,Light-Fingered Gentry
Crime_Mystery,https://www.gutenberg.org/ebooks/27454,In Her Own Right
Crime_Mystery,https://www.gutenberg.org/ebooks/45585,The seven curses of London
Crime_Mystery,https://www.gutenberg.org/ebooks/2752,Martin Guerre
Crime_Mystery,https://www.gutenberg.org/ebooks/31681,Hand and Ring
Crime_Mystery,https://www.gutenberg.org/ebooks/73102,The Shore Road mystery
Crime_Mystery,https://www.gutenberg.org/ebooks/4223,The Mystery of a Hansom Cab
Crime_Mystery,https://www.gutenberg.org/ebooks/75642,Feathers left around
Crime_Mystery,https://www.gutenberg.org/ebooks/47900,The Splendid Outcast
Crime_Mystery,https://www.gutenberg.org/ebooks/2742,Cenci
Crime_Mystery,https://www.gutenberg.org/ebooks/21737,"The Garret and the Garden; Or, Low Life High Up"
Crime_Mystery,https://www.gutenberg.org/ebooks/11373,Through the Wall
Crime_Mystery,https://www.gutenberg.org/ebooks/39417,A Gamble with Life
Crime_Mystery,https://www.gutenberg.org/ebooks/305,The Count's Millions
Crime_Mystery,https://www.gutenberg.org/ebooks/12187,The Mystery of 31 New Inn
Crime_Mystery,https://www.gutenberg.org/ebooks/1167,A Strange Disappearance
Humor,https://www.gutenberg.org/ebooks/1080,A Modest Proposal
Humor,https://www.gutenberg.org/ebooks/972,The Devil's Dictionary
Humor,https://www.gutenberg.org/ebooks/56712,The Comic Poems of Thomas Hood
Humor,https://www.gutenberg.org/ebooks/24434,"The Wit and Humor of America, Volume X (of X)"
Humor,https://www.gutenberg.org/ebooks/3178,The Gilded Age: A Tale of Today
Humor,https://www.gutenberg.org/ebooks/12030,"The Spectator, Volumes 1, 2 and 3"
Humor,https://www.gutenberg.org/ebooks/4352,Laughter: An Essay on the Meaning of the Comic
Humor,https://www.gutenberg.org/ebooks/28488,"Tartuffe; Or, The Hypocrite"
Humor,https://www.gutenberg.org/ebooks/6410,Once Aboard the Lugger-- The History of George and his Mary
Humor,https://www.gutenberg.org/ebooks/9070,The Imaginary Invalid
Humor,https://www.gutenberg.org/ebooks/17161,Max und Moritz: Eine Bubengeschichte in sieben Streichen (German)
Humor,https://www.gutenberg.org/ebooks/19506,A Connecticut Yankee in King Arthur's Court
Humor,https://www.gutenberg.org/ebooks/6923,The Miser
Humor,https://www.gutenberg.org/ebooks/1051,Sartor Resartus: The Life and Opinions of Herr Teufelsdröckh
Humor,https://www.gutenberg.org/ebooks/2643,The History of John Bull
Humor,https://www.gutenberg.org/ebooks/1156,Babbitt
Humor,https://www.gutenberg.org/ebooks/10554,"Right Ho, Jeeves"
Humor,https://www.gutenberg.org/ebooks/21517,The Diary of a Nobody
Humor,https://www.gutenberg.org/ebooks/10947,The Best American Humorous Short Stories
Humor,https://www.gutenberg.org/ebooks/3189,Sketches New and Old
Humor,https://www.gutenberg.org/ebooks/33717,"Punch, or the London Charivari, Vol. 93. September 17, 1887"
Humor,https://www.gutenberg.org/ebooks/26303,"Right Ho, Jeeves"
Humor,https://www.gutenberg.org/ebooks/75943,"Melincourt :  or, Sir Oran Haut-Ton"
Humor,https://www.gutenberg.org/ebooks/19682,Chapters from My Autobiography
Humor,https://www.gutenberg.org/ebooks/26203,The Adventures of Tom Sawyer
Humor,https://www.gutenberg.org/ebooks/19686,Crome Yellow
Humor,https://www.gutenberg.org/ebooks/7100,"Adventures of Huckleberry Finn, Chapters 01 to 05"
Humor,https://www.gutenberg.org/ebooks/7193,"The Adventures of Tom Sawyer, Part 1."
Humor,https://www.gutenberg.org/ebooks/9611,"Joseph Andrews, Vol. 1"
Humor,https://www.gutenberg.org/ebooks/6053,"Evelina, Or, the History of a Young Lady's Entrance into the World"
Humor,https://www.gutenberg.org/ebooks/119,A Tramp Abroad
Humor,https://www.gutenberg.org/ebooks/3008,"The Jargon File, Version 4.2.2, 20 Aug 2000"
Humor,https://www.gutenberg.org/ebooks/18948,Damn! A Book of Calumny
Humor,https://www.gutenberg.org/ebooks/75957,Petunia again :  Sketches
Humor,https://www.gutenberg.org/ebooks/59254,The Inimitable Jeeves
Humor,https://www.gutenberg.org/ebooks/28919,Frenzied Fiction
Humor,https://www.gutenberg.org/ebooks/2517,Lincoln's yarns and stories :  A complete collection of the funny and witty anecdotes that made Lincoln famous as America's greatest story teller
Humor,https://www.gutenberg.org/ebooks/26579,Love Among the Chickens
Humor,https://www.gutenberg.org/ebooks/76013,"Honesty the best policy :  or, The history of Roger"
Humor,https://www.gutenberg.org/ebooks/23658,"Punch, or the London Charivari, Vol. 147, July 15, 1914"
Humor,https://www.gutenberg.org/ebooks/623,"The Battle of the Books, and other Short Pieces"
Humor,https://www.gutenberg.org/ebooks/21157,Queen Lucia
Humor,https://www.gutenberg.org/ebooks/70544,"Parodies of the works of English & American authors, vol. II"
Humor,https://www.gutenberg.org/ebooks/2183,Three men on the bummel
Humor,https://www.gutenberg.org/ebooks/75972,X... Roman impromptu (French)
Humor,https://www.gutenberg.org/ebooks/26228,Candide
Humor,https://www.gutenberg.org/ebooks/20026,Fables for the Frivolous
Humor,https://www.gutenberg.org/ebooks/269,Beasts and Super-Beasts
Humor,https://www.gutenberg.org/ebooks/36702,Verse and Worse
Humor,https://www.gutenberg.org/ebooks/8486,Ghost Stories of an Antiquary
Humor,https://www.gutenberg.org/ebooks/30726,Cole's Funny Picture Book No. 1
Humor,https://www.gutenberg.org/ebooks/982,The Book of Nonsense
Humor,https://www.gutenberg.org/ebooks/1213,The Man That Corrupted Hadleyburg
Humor,https://www.gutenberg.org/ebooks/13645,"The Tatler, Volume 1"
Humor,https://www.gutenberg.org/ebooks/3020,Table Talk: Essays on Men and Manners
Humor,https://www.gutenberg.org/ebooks/3250,"How to Tell a Story, and Other Essays"
Humor,https://www.gutenberg.org/ebooks/65974,"Carry On, Jeeves"
Humor,https://www.gutenberg.org/ebooks/14922,"Punch, or the London Charivari, Volume 1, August 7, 1841"
Humor,https://www.gutenberg.org/ebooks/774,Essays and Lectures
Humor,https://www.gutenberg.org/ebooks/26466,Idle Thoughts of an Idle Fellow
Humor,https://www.gutenberg.org/ebooks/25951,Fragments from France
Humor,https://www.gutenberg.org/ebooks/21816,The Confidence-Man: His Masquerade
Humor,https://www.gutenberg.org/ebooks/23899,Psmith in the City
Humor,https://www.gutenberg.org/ebooks/8164,My Man Jeeves
Humor,https://www.gutenberg.org/ebooks/28837,Three Men in a Boat (To Say Nothing of the Dog)
Humor,https://www.gutenberg.org/ebooks/14093,"Punch, or the London Charivari, Volume 152, January 24, 1917"
Humor,https://www.gutenberg.org/ebooks/4558,Barry Lyndon
Humor,https://www.gutenberg.org/ebooks/9960,"Punchinello, Volume 1, No. 06, May 7, 1870"
Humor,https://www.gutenberg.org/ebooks/3154,The Surprising Adventures of Baron Munchausen
Humor,https://www.gutenberg.org/ebooks/22340,The Wind in the Willows
Humor,https://www.gutenberg.org/ebooks/6122,Tobogganing on Parnassus
Humor,https://www.gutenberg.org/ebooks/4650,"Candide, ou l'optimisme (French)"
Humor,https://www.gutenberg.org/ebooks/26462,The Foolish Dictionary
Humor,https://www.gutenberg.org/ebooks/13650,Nonsense Books
Humor,https://www.gutenberg.org/ebooks/61522,"The £1,000,000 bank-note, and other new stories"
Humor,https://www.gutenberg.org/ebooks/142,"The $30,000 Bequest, and Other Stories"
Humor,https://www.gutenberg.org/ebooks/14921,"Punch, or the London Charivari. Volume 1, July 31, 1841"
Humor,https://www.gutenberg.org/ebooks/23080,The Devil's Dictionary
Humor,https://www.gutenberg.org/ebooks/12444,"Toaster's Handbook: Jokes, Stories, and Quotations"
Humor,https://www.gutenberg.org/ebooks/1999,Crome Yellow
Humor,https://www.gutenberg.org/ebooks/1026,The Diary of a Nobody
Humor,https://www.gutenberg.org/ebooks/23344,The Magic Fishbone
Humor,https://www.gutenberg.org/ebooks/32596,The Revolt of the Angels
Humor,https://www.gutenberg.org/ebooks/23726,"Punch, or the London Charivari, Vol. 146, March 11, 1914"
Humor,https://www.gutenberg.org/ebooks/3688,The Chronicles of Clovis
Humor,https://www.gutenberg.org/ebooks/6946,The Complete Works of Artemus Ward (HTML edition)
Humor,https://www.gutenberg.org/ebooks/10001,Apocolocyntosis
Humor,https://www.gutenberg.org/ebooks/21146,Love Conquers All
Humor,https://www.gutenberg.org/ebooks/59236,"The Ingoldsby Legends; or, Mirth and Marvels"
Humor,https://www.gutenberg.org/ebooks/3190,1601: Conversation as it was by the Social Fireside in the Time of the Tudors
Humor,https://www.gutenberg.org/ebooks/20001,"The English Spy: An Original Work Characteristic, Satirical, And Humorous."
Humor,https://www.gutenberg.org/ebooks/60067,Leave it to Psmith
Humor,https://www.gutenberg.org/ebooks/17216,"Punch, or the London Charivari, Volume 1, Complete"
Humor,https://www.gutenberg.org/ebooks/2948,Where Angels Fear to Tread
Humor,https://www.gutenberg.org/ebooks/21084,Jokes For All Occasions
Humor,https://www.gutenberg.org/ebooks/9730,The Pickwick Papers
Humor,https://www.gutenberg.org/ebooks/7471,"The Man with Two Left Feet, and Other Stories"
Humor,https://www.gutenberg.org/ebooks/19987,Chapters from My Autobiography
Humor,https://www.gutenberg.org/ebooks/54829,Memorias Posthumas de Braz Cubas (Portuguese)
Humor,https://www.gutenberg.org/ebooks/30165,Die Abenteuer Tom Sawyers (German)
Humor,https://www.gutenberg.org/ebooks/15338,"More toasts: Jokes, stories and quotations"
Humor,https://www.gutenberg.org/ebooks/804,A Sentimental Journey Through France and Italy
Humor,https://www.gutenberg.org/ebooks/11505,All Things Considered
Humor,https://www.gutenberg.org/ebooks/25041,Humour of the North
Humor,https://www.gutenberg.org/ebooks/52598,"Conundrums, Riddles and Puzzles"
Humor,https://www.gutenberg.org/ebooks/24157,"Punch, or the London Charivari, May 27, 1914"
Humor,https://www.gutenberg.org/ebooks/70546,"Parodies of the works of English & American authors, vol. IV"
Humor,https://www.gutenberg.org/ebooks/21427,Comic History of the United States
Humor,https://www.gutenberg.org/ebooks/16205,"The Physiology of Marriage, Complete"
Humor,https://www.gutenberg.org/ebooks/38944,"Punch, or the London Charivari, Vol. 150, June 28th, 1916"
Humor,https://www.gutenberg.org/ebooks/22341,The Wind in the Willows
Humor,https://www.gutenberg.org/ebooks/26950,Humorous Ghost Stories
Humor,https://www.gutenberg.org/ebooks/75917,"A la pagaïe :  sur l'Escaut, le canal de Willebroeck, la Sambre et l'Oise (French)"
Humor,https://www.gutenberg.org/ebooks/50401,"The Choice Humorous Works, Ludicrous Adventures, Bons Mots, Puns, and Hoaxes of Theodore Hook"
Humor,https://www.gutenberg.org/ebooks/849,The Idle Thoughts of an Idle Fellow
Humor,https://www.gutenberg.org/ebooks/34414,Just—William
Humor,https://www.gutenberg.org/ebooks/21196,"Little Masterpieces of American Wit and Humor, Volume I"
Humor,https://www.gutenberg.org/ebooks/12245,The Defendant
Humor,https://www.gutenberg.org/ebooks/20628,Torchy and Vee
Humor,https://www.gutenberg.org/ebooks/4737,A Tale of a Tub
Humor,https://www.gutenberg.org/ebooks/17596,"Punch, or the London Charivari, Volume 159, July 21, 1920"
Humor,https://www.gutenberg.org/ebooks/28092,"Punch or the London Charivari, Vol. 147, October 7, 1914"
Humor,https://www.gutenberg.org/ebooks/38899,"Punch, or the London Charivari, Vol. 150, June 21st, 1916"
Humor,https://www.gutenberg.org/ebooks/7464,The Adventures of Sally
Humor,https://www.gutenberg.org/ebooks/38683,Mr. Punch's Golf Stories
Humor,https://www.gutenberg.org/ebooks/48405,"Mr. Punch's History of Modern England, Vol. 4 (of 4).—1892-1914"
Humor,https://www.gutenberg.org/ebooks/9885,"Punchinello, Volume 1, No. 17, July 23, 1870"
Humor,https://www.gutenberg.org/ebooks/23518,"Punch, or the London Charivari, Vol. 158, 1920-05-05"
Humor,https://www.gutenberg.org/ebooks/9040,A Tramp Abroad
Humor,https://www.gutenberg.org/ebooks/31281,500 Rätsel und Rätselscherze für jung und alt (German)
Humor,https://www.gutenberg.org/ebooks/18464,"The Wit and Humor of America, Volume I. (of X.)"
Humor,https://www.gutenberg.org/ebooks/29363,Henry Esmond; The English Humourists; The Four Georges
Humor,https://www.gutenberg.org/ebooks/18734,"The Wit and Humor of America, Volume III. (of X.)"
Humor,https://www.gutenberg.org/ebooks/52204,"The Comic Almanack, Volume 2"
Humor,https://www.gutenberg.org/ebooks/2175,You Never Can Tell
Humor,https://www.gutenberg.org/ebooks/45090,"Punch, or the London Charivari, Volume 108, February 23, 1895"
Humor,https://www.gutenberg.org/ebooks/70987,"The comic history of the United States, from a period prior to the discovery of America to times long subsequent to the present"
Humor,https://www.gutenberg.org/ebooks/68473,War cartoons
Humor,https://www.gutenberg.org/ebooks/31138,The So-called Human Race
Humor,https://www.gutenberg.org/ebooks/18906,"History of English Humour, Vol. 2"
Humor,https://www.gutenberg.org/ebooks/1044,Extract from Captain Stormfield's Visit to Heaven
Humor,https://www.gutenberg.org/ebooks/5836,"Sketches New and Old, Part 1."
Humor,https://www.gutenberg.org/ebooks/19350,"Punch, or the London Charivari, Volume 159, December 22, 1920"
Humor,https://www.gutenberg.org/ebooks/26640,The Humbugs of the World
Humor,https://www.gutenberg.org/ebooks/22495,The New Pun Book
Humor,https://www.gutenberg.org/ebooks/23972,The Book of Humorous Verse
Humor,https://www.gutenberg.org/ebooks/43504,The True History of Tom & Jerry
Humor,https://www.gutenberg.org/ebooks/68604,Europe and elsewhere
Humor,https://www.gutenberg.org/ebooks/2686,The Book of Snobs
Humor,https://www.gutenberg.org/ebooks/9609,"Joseph Andrews, Vol. 2"
Humor,https://www.gutenberg.org/ebooks/26293,The Wind in the Willows
Humor,https://www.gutenberg.org/ebooks/13260,Droll Stories — Complete
Humor,https://www.gutenberg.org/ebooks/25685,"Punch, or the London Charivari Volume 98, January 4, 1890"
Humor,https://www.gutenberg.org/ebooks/402,Penrod
Humor,https://www.gutenberg.org/ebooks/22940,"Punch, or the London Charivari, Vol. 146, April 15, 1914"
Humor,https://www.gutenberg.org/ebooks/24595,Cobb's Bill-of-Fare
Humor,https://www.gutenberg.org/ebooks/18465,"The Wit and Humor of America, Volume II. (of X.)"
Humor,https://www.gutenberg.org/ebooks/25010,"Punch, or the London Charivari, Vol. 146, April 29, 1914"
Humor,https://www.gutenberg.org/ebooks/38,"The Jargon File, Version 2.9.10, 01 Jul 1992"
Humor,https://www.gutenberg.org/ebooks/70545,"Parodies of the works of English & American authors, vol. III"
Humor,https://www.gutenberg.org/ebooks/68811,"Black no more :  Being an account of the strange and wonderful workings of science in the land of the free, A.D. 1933-1940"
Humor,https://www.gutenberg.org/ebooks/22612,"Punch, or the London Charivari, Vol. 150, January 26, 1916"
Humor,https://www.gutenberg.org/ebooks/75435,Fish preferred
Humor,https://www.gutenberg.org/ebooks/2027,"Tartuffe; Or, The Hypocrite"
Humor,https://www.gutenberg.org/ebooks/15585,Humorous Masterpieces from American Literature
Humor,https://www.gutenberg.org/ebooks/16281,"Punch, or the London Charivari, Vol. 158, 1920-01-28"
Humor,https://www.gutenberg.org/ebooks/33366,"Punch, or the London Charivari, Vol. 98, June 14 1890"
Humor,https://www.gutenberg.org/ebooks/47300,"Mr. Punch's History of Modern England, Vol. 3 (of 4).—1874-1892"
Humor,https://www.gutenberg.org/ebooks/40266,The Punster's Pocket-book
Humor,https://www.gutenberg.org/ebooks/26012,"Punch, or the London Charivari, Vol. 147, August 5th, 1914"
Humor,https://www.gutenberg.org/ebooks/26226,The Importance of Being Earnest
Humor,https://www.gutenberg.org/ebooks/9038,The Adventures of Tom Sawyer
Humor,https://www.gutenberg.org/ebooks/9544,"Punchinello, Volume 1, No. 10, June 4, 1870"
Humor,https://www.gutenberg.org/ebooks/21415,"The Young Visiters or, Mr. Salteena's Plan"
Humor,https://www.gutenberg.org/ebooks/67369,Hadrian the Seventh
Humor,https://www.gutenberg.org/ebooks/71712,The humour of Italy
Humor,https://www.gutenberg.org/ebooks/70547,"Parodies of the works of English & American authors, vol. V"
Humor,https://www.gutenberg.org/ebooks/3695,Every Man out of His Humour
Humor,https://www.gutenberg.org/ebooks/1989,The Foolish Dictionary
Humor,https://www.gutenberg.org/ebooks/5265,The Ball and the Cross
Humor,https://www.gutenberg.org/ebooks/4709,Brewster's Millions
Humor,https://www.gutenberg.org/ebooks/3828,Simon the Jester
Humor,https://www.gutenberg.org/ebooks/69421,The humour of Germany
Humor,https://www.gutenberg.org/ebooks/24131,Xingu
Humor,https://www.gutenberg.org/ebooks/3251,"The Man That Corrupted Hadleyburg, and Other Stories"
Humor,https://www.gutenberg.org/ebooks/16592,"Punch, or the London Charivari, Volume 159, July 14th, 1920"
Humor,https://www.gutenberg.org/ebooks/16364,"Punch, or the London Charivari, Vol. 158, 1920-03-10"
Humor,https://www.gutenberg.org/ebooks/45980,Rowlandson the Caricaturist; a Selection from His Works. Vol. 1
Humor,https://www.gutenberg.org/ebooks/2615,Discourses on Satire and on Epic Poetry
Humor,https://www.gutenberg.org/ebooks/64502,Életemből (II. rész) (Hungarian)
Humor,https://www.gutenberg.org/ebooks/16957,Mr. Sponge's Sporting Tour
Humor,https://www.gutenberg.org/ebooks/32352,Punch - Volume 25 (Jul-Dec 1853)
Humor,https://www.gutenberg.org/ebooks/11625,The Wrong Twin
Humor,https://www.gutenberg.org/ebooks/32325,The Adventures of Huckleberry Finn (Tom Sawyer's Comrade)
Humor,https://www.gutenberg.org/ebooks/70548,"Parodies of the works of English & American authors, vol. VI"
Humor,https://www.gutenberg.org/ebooks/7103,"Adventures of Huckleberry Finn, Chapters 16 to 20"
Humor,https://www.gutenberg.org/ebooks/23625,The Magic Pudding
Humor,https://www.gutenberg.org/ebooks/8220,Remarks
Humor,https://www.gutenberg.org/ebooks/37657,The Comic History of Rome
Humor,https://www.gutenberg.org/ebooks/45981,Rowlandson the Caricaturist; a Selection from His Works. Vol. 2
Humor,https://www.gutenberg.org/ebooks/23449,"Behind the Beyond, and Other Contributions to Human Knowledge"
Humor,https://www.gutenberg.org/ebooks/64229,A Century of Parody and Imitation
Humor,https://www.gutenberg.org/ebooks/27440,"Punch, or the London Charivari, Vol. 147, September 16, 1914"
Humor,https://www.gutenberg.org/ebooks/26481,The Romance of Mathematics
Humor,https://www.gutenberg.org/ebooks/41595,The Funny Side of Physic
Humor,https://www.gutenberg.org/ebooks/14920,"Punch, or the London Charivari, Volume 1, July 24, 1841"
Humor,https://www.gutenberg.org/ebooks/7195,"The Adventures of Tom Sawyer, Part 3."
Humor,https://www.gutenberg.org/ebooks/66294,The Seven Lively Arts
Humor,https://www.gutenberg.org/ebooks/20375,Watch Yourself Go By
Humor,https://www.gutenberg.org/ebooks/6768,The Man Upstairs and Other Stories
Humor,https://www.gutenberg.org/ebooks/11201,"Punch, or the London Charivari, Volume 156, March 5, 1919"
Humor,https://www.gutenberg.org/ebooks/44860,The Comic History of England
Humor,https://www.gutenberg.org/ebooks/14926,"Punch, or the London Charivari, Volume 1, September 5, 1841"
Humor,https://www.gutenberg.org/ebooks/52203,"The Comic Almanack, Volume 1"
Humor,https://www.gutenberg.org/ebooks/50874,"Humour, Wit, & Satire of the Seventeenth Century"
Humor,https://www.gutenberg.org/ebooks/20352,The Jest Book
Humor,https://www.gutenberg.org/ebooks/66829,"""Gentlemen prefer blondes"" :  The illuminating diary of a professional lady"
Humor,https://www.gutenberg.org/ebooks/2004,Pigs is Pigs
Humor,https://www.gutenberg.org/ebooks/42799,"The Gay Gnani of Gingalee; or, Discords of Devolution"
Humor,https://www.gutenberg.org/ebooks/6340,Literary Lapses
Humor,https://www.gutenberg.org/ebooks/56949,The Humour of America
Humor,https://www.gutenberg.org/ebooks/64501,Életemből (I. rész) (Hungarian)
Humor,https://www.gutenberg.org/ebooks/7194,"The Adventures of Tom Sawyer, Part 2."
Humor,https://www.gutenberg.org/ebooks/13927,"Punch, or the London Charivari, Volume 156, January 29, 1919"
Humor,https://www.gutenberg.org/ebooks/2042,Something New
Humor,https://www.gutenberg.org/ebooks/47528,A Satire Anthology
Humor,https://www.gutenberg.org/ebooks/5785,A Tramp Abroad — Volume 04
Humor,https://www.gutenberg.org/ebooks/3469,The Hand of Ethelberta: A Comedy in Chapters
Humor,https://www.gutenberg.org/ebooks/7423,Mike
Humor,https://www.gutenberg.org/ebooks/6837,The Little Warrior
Humor,https://www.gutenberg.org/ebooks/24095,"Punch, or the London Charivari, Vol. 158, 1920-05-12"
Humor,https://www.gutenberg.org/ebooks/9909,Nightmare Abbey
Humor,https://www.gutenberg.org/ebooks/22688,"Punch, or the London Charivari, Vol. 150, March 29, 1916"
Humor,https://www.gutenberg.org/ebooks/7028,The Clicking of Cuthbert
Humor,https://www.gutenberg.org/ebooks/50926,"Récréations littéraires, curiosités et singularités, bévues et lapsus, etc. (French)"
Humor,https://www.gutenberg.org/ebooks/28847,Max and Maurice: A Juvenile History in Seven Tricks
Humor,https://www.gutenberg.org/ebooks/58661,Histoire de la caricature au moyen âge et sous la renaissance (French)
Humor,https://www.gutenberg.org/ebooks/28360,"Punch, or the London Charivari, Vol. 147, October 14, 1914"
Humor,https://www.gutenberg.org/ebooks/9007,Adventures of Huckleberry Finn
Humor,https://www.gutenberg.org/ebooks/1805,The Gentle Grafter
Humor,https://www.gutenberg.org/ebooks/22989,"Punch, or the London Charivari, Vol. 146, April 1, 1914"
Humor,https://www.gutenberg.org/ebooks/6647,Der Zerbrochene Krug (German)
Humor,https://www.gutenberg.org/ebooks/858,Stage-Land
Humor,https://www.gutenberg.org/ebooks/3694,Every Man in His Humour
Humor,https://www.gutenberg.org/ebooks/13252,"Punch, or the London Charivari, Volume 100, February 14, 1891"
Humor,https://www.gutenberg.org/ebooks/12536,"Punch, or the London Charivari, Volume 146, January 14, 1914"
Humor,https://www.gutenberg.org/ebooks/47535,"The Posthumous Papers of the Pickwick Club, v. 2 (of 2)"
Humor,https://www.gutenberg.org/ebooks/38794,"Punch, or the London Charivari, Vol. 146, March 4th 1914"
Humor,https://www.gutenberg.org/ebooks/75107,"Sketch of the Analytical Engine invented by Charles Babbage, Esq."
Humor,https://www.gutenberg.org/ebooks/32898,The Handbook of Conundrums
Humor,https://www.gutenberg.org/ebooks/29454,"Punch or the London Charivari, Vol. 147, November 25, 1914"
Humor,https://www.gutenberg.org/ebooks/179,The Europeans
Humor,https://www.gutenberg.org/ebooks/43326,"Joe Miller's Jests, with Copious Additions"
Humor,https://www.gutenberg.org/ebooks/63244,Les Jeunes-France: romans goguenards; suivis de Contes humoristiques (French)
Humor,https://www.gutenberg.org/ebooks/22941,"Punch, or the London Charivari, Vol. 150, May 3, 1916"
Humor,https://www.gutenberg.org/ebooks/46700,A Parody Anthology
Humor,https://www.gutenberg.org/ebooks/374,Fantastic Fables
Humor,https://www.gutenberg.org/ebooks/24432,"The Wit and Humor of America, Volume VIII (of X)"
Humor,https://www.gutenberg.org/ebooks/20717,The Girl on the Boat
Humor,https://www.gutenberg.org/ebooks/43702,The Adventures of a Modest Man
Humor,https://www.gutenberg.org/ebooks/39726,"The Rolliad, in Two Parts"
Humor,https://www.gutenberg.org/ebooks/52986,"Deutsche Humoristen, 4. und 5. Band (von 8) (German)"
Humor,https://www.gutenberg.org/ebooks/61521,The Modern Traveller
Humor,https://www.gutenberg.org/ebooks/3179,The American Claimant
Humor,https://www.gutenberg.org/ebooks/15605,"Punch, or the London Charivari, Volume 103, October 29, 1892"
Humor,https://www.gutenberg.org/ebooks/14455,"Punch, or the London Charivari, Volume 152, March 21, 1917"
Humor,https://www.gutenberg.org/ebooks/19508,A Modest Proposal
Humor,https://www.gutenberg.org/ebooks/15973,"Punch, or the London Charivari, Volume 103, November 26, 1892"
Humor,https://www.gutenberg.org/ebooks/66971,William—the fourth
Humor,https://www.gutenberg.org/ebooks/29217,"Punch or the London Charivari, Vol. 147, July 8, 1914"
Humor,https://www.gutenberg.org/ebooks/49913,Nine Unlikely Tales
Humor,https://www.gutenberg.org/ebooks/19325,"The Wit and Humor of America, Volume VII. (of X.)"
Humor,https://www.gutenberg.org/ebooks/9450,"Samantha Among the Brethren, Complete"
Humor,https://www.gutenberg.org/ebooks/24265,"Punch, or the London Charivari, Vol. 146, February 4, 1914"
Humor,https://www.gutenberg.org/ebooks/17125,More William
Humor,https://www.gutenberg.org/ebooks/9151,Ruggles of Red Gap
Humor,https://www.gutenberg.org/ebooks/58522,Sexueele Zeden in Woord en Beeld: De Humor in het Geslachtsleven (Dutch)
Humor,https://www.gutenberg.org/ebooks/60483,Antic Hay
Humor,https://www.gutenberg.org/ebooks/31028,"Punch, or the London Charivari, Vol. 158, May 26, 1920"
Humor,https://www.gutenberg.org/ebooks/29456,The Comic Latin Grammar: A new and facetious introduction to the Latin tongue
Humor,https://www.gutenberg.org/ebooks/2987,"Mark Twain: A Biography. Volume III, Part 2: 1907-1910"
